UpdateChannelParticipant(
	channel_id=3470492142,
	date=datetime.datetime(2025, 11, 21, 2, 4, 25, tzinfo=datetime.timezone.utc),
	actor_id=782832616,
	user_id=1083015722,
	qts=183610157,
	via_chatlist=False,
	prev_participant=None,
	new_participant=ChannelParticipantAdmin(
		user_id=1083015722,
		promoted_by=782832616,
		date=datetime.datetime(2025, 11, 21, 2, 4, 25, tzinfo=datetime.timezone.utc),
		admin_rights=ChatAdminRights(
			change_info=False,
			post_messages=False,
			edit_messages=False,
			delete_messages=False,
			ban_users=False,
			invite_users=False,
			pin_messages=False,
			add_admins=False,
			anonymous=False,
			manage_call=False,
			other=True,
			manage_topics=False,
			post_stories=False,
			edit_stories=False,
			delete_stories=False
		),
		can_edit=False,
		is_self=True,
		inviter_id=782832616,
		rank=None
	),
	invite=None
)
UpdateChannelParticipant(
	channel_id=3470492142,
	date=datetime.datetime(2025, 11, 21, 7, 7, 5, tzinfo=datetime.timezone.utc),
	actor_id=782832616,
	user_id=1083015722,
	qts=183611150,
	via_chatlist=False,
	prev_participant=ChannelParticipantAdmin(
		user_id=1083015722,
		promoted_by=782832616,
		date=datetime.datetime(2025, 11, 21, 2, 4, 25, tzinfo=datetime.timezone.utc),
		admin_rights=ChatAdminRights(
			change_info=False,
			post_messages=False,
			edit_messages=False,
			delete_messages=False,
			ban_users=False,
			invite_users=False,
			pin_messages=False,
			add_admins=False,
			anonymous=False,
			manage_call=False,
			other=True,
			manage_topics=False,
			post_stories=False,
			edit_stories=False,
			delete_stories=False
		),
		can_edit=False,
		is_self=True,
		inviter_id=782832616,
		rank=None
	),
	new_participant=ChannelParticipantAdmin(
		user_id=1083015722,
		promoted_by=782832616,
		date=datetime.datetime(2025, 11, 21, 2, 4, 25, tzinfo=datetime.timezone.utc),
		admin_rights=ChatAdminRights(
			change_info=False,
			post_messages=False,
			edit_messages=False,
			delete_messages=True,
			ban_users=False,
			invite_users=False,
			pin_messages=False,
			add_admins=False,
			anonymous=False,
			manage_call=False,
			other=True,
			manage_topics=False,
			post_stories=False,
			edit_stories=False,
			delete_stories=False
		),
		can_edit=False,
		is_self=True,
		inviter_id=782832616,
		rank=None
	),
	invite=None
)
UpdateChannelParticipant(
	channel_id=3470492142,
	date=datetime.datetime(2025, 11, 21, 7, 7, 27, tzinfo=datetime.timezone.utc),
	actor_id=782832616,
	user_id=1083015722,
	qts=183611151,
	via_chatlist=False,
	prev_participant=ChannelParticipantAdmin(
		user_id=1083015722,
		promoted_by=782832616,
		date=datetime.datetime(2025, 11, 21, 2, 4, 25, tzinfo=datetime.timezone.utc),
		admin_rights=ChatAdminRights(
			change_info=False,
			post_messages=False,
			edit_messages=False,
			delete_messages=True,
			ban_users=False,
			invite_users=False,
			pin_messages=False,
			add_admins=False,
			anonymous=False,
			manage_call=False,
			other=True,
			manage_topics=False,
			post_stories=False,
			edit_stories=False,
			delete_stories=False
		),
		can_edit=False,
		is_self=True,
		inviter_id=782832616,
		rank=None
	),
	new_participant=ChannelParticipantBanned(
		peer=PeerUser(
			user_id=1083015722
		),
		kicked_by=782832616,
		date=datetime.datetime(2025, 11, 21, 7, 7, 27, tzinfo=datetime.timezone.utc),
		banned_rights=ChatBannedRights(
			until_date=datetime.datetime(2038, 1, 19, 3, 14, 7, tzinfo=datetime.timezone.utc),
			view_messages=True,
			send_messages=True,
			send_media=True,
			send_stickers=True,
			send_gifs=True,
			send_games=True,
			send_inline=True,
			embed_links=True,
			send_polls=True,
			change_info=True,
			invite_users=True,
			pin_messages=True,
			manage_topics=True,
			send_photos=True,
			send_videos=True,
			send_roundvideos=True,
			send_audios=True,
			send_voices=True,
			send_docs=True,
			send_plain=True
		),
		left=True
	),
	invite=None
)
UpdateChannelParticipant(
	channel_id=3470492142,
	date=datetime.datetime(2025, 11, 21, 7, 7, 36, tzinfo=datetime.timezone.utc),
	actor_id=782832616,
	user_id=1083015722,
	qts=183611152,
	via_chatlist=False,
	prev_participant=ChannelParticipantBanned(
		peer=PeerUser(
			user_id=1083015722
		),
		kicked_by=782832616,
		date=datetime.datetime(2025, 11, 21, 7, 7, 27, tzinfo=datetime.timezone.utc),
		banned_rights=ChatBannedRights(
			until_date=datetime.datetime(2038, 1, 19, 3, 14, 7, tzinfo=datetime.timezone.utc),
			view_messages=True,
			send_messages=True,
			send_media=True,
			send_stickers=True,
			send_gifs=True,
			send_games=True,
			send_inline=True,
			embed_links=True,
			send_polls=True,
			change_info=True,
			invite_users=True,
			pin_messages=True,
			manage_topics=True,
			send_photos=True,
			send_videos=True,
			send_roundvideos=True,
			send_audios=True,
			send_voices=True,
			send_docs=True,
			send_plain=True
		),
		left=True
	),
	new_participant=ChannelParticipantAdmin(
		user_id=1083015722,
		promoted_by=782832616,
		date=datetime.datetime(2025, 11, 21, 7, 7, 36, tzinfo=datetime.timezone.utc),
		admin_rights=ChatAdminRights(
			change_info=False,
			post_messages=False,
			edit_messages=False,
			delete_messages=True,
			ban_users=False,
			invite_users=False,
			pin_messages=False,
			add_admins=False,
			anonymous=False,
			manage_call=False,
			other=True,
			manage_topics=False,
			post_stories=False,
			edit_stories=False,
			delete_stories=False
		),
		can_edit=False,
		is_self=True,
		inviter_id=782832616,
		rank=None
	),
	invite=None
)
UpdateChannelParticipant(
	channel_id=3470492142,
	date=datetime.datetime(2025, 11, 21, 7, 9, 25, tzinfo=datetime.timezone.utc),
	actor_id=782832616,
	user_id=1083015722,
	qts=0,
	via_chatlist=False,
	prev_participant=ChannelParticipantAdmin(
		user_id=1083015722,
		promoted_by=782832616,
		date=datetime.datetime(2025, 11, 21, 7, 7, 36, tzinfo=datetime.timezone.utc),
		admin_rights=ChatAdminRights(
			change_info=False,
			post_messages=False,
			edit_messages=False,
			delete_messages=True,
			ban_users=False,
			invite_users=False,
			pin_messages=False,
			add_admins=False,
			anonymous=False,
			manage_call=False,
			other=True,
			manage_topics=False,
			post_stories=False,
			edit_stories=False,
			delete_stories=False
		),
		can_edit=False,
		is_self=True,
		inviter_id=782832616,
		rank=None
	),
	new_participant=ChannelParticipantSelf(
		user_id=1083015722,
		inviter_id=782832616,
		date=datetime.datetime(2025, 11, 21, 7, 9, 25, tzinfo=datetime.timezone.utc),
		via_request=False,
		subscription_until_date=None
	),
	invite=None
)
UpdateChannelParticipant(
	channel_id=3470492142,
	date=datetime.datetime(2025, 11, 21, 7, 9, 53, tzinfo=datetime.timezone.utc),
	actor_id=782832616,
	user_id=1083015722,
	qts=183611168,
	via_chatlist=False,
	prev_participant=ChannelParticipantBanned(
		peer=PeerUser(
			user_id=1083015722
		),
		kicked_by=782832616,
		date=datetime.datetime(2025, 11, 21, 7, 9, 39, tzinfo=datetime.timezone.utc),
		banned_rights=ChatBannedRights(
			until_date=datetime.datetime(2038, 1, 19, 3, 14, 7, tzinfo=datetime.timezone.utc),
			view_messages=True,
			send_messages=True,
			send_media=True,
			send_stickers=True,
			send_gifs=True,
			send_games=True,
			send_inline=True,
			embed_links=True,
			send_polls=True,
			change_info=True,
			invite_users=True,
			pin_messages=True,
			manage_topics=True,
			send_photos=True,
			send_videos=True,
			send_roundvideos=True,
			send_audios=True,
			send_voices=True,
			send_docs=True,
			send_plain=True
		),
		left=True
	),
	new_participant=ChannelParticipantAdmin(
		user_id=1083015722,
		promoted_by=782832616,
		date=datetime.datetime(2025, 11, 21, 7, 9, 53, tzinfo=datetime.timezone.utc),
		admin_rights=ChatAdminRights(
			change_info=False,
			post_messages=False,
			edit_messages=False,
			delete_messages=True,
			ban_users=False,
			invite_users=False,
			pin_messages=False,
			add_admins=False,
			anonymous=False,
			manage_call=False,
			other=True,
			manage_topics=False,
			post_stories=False,
			edit_stories=False,
			delete_stories=False
		),
		can_edit=False,
		is_self=True,
		inviter_id=782832616,
		rank=None
	),
	invite=None
)
UpdateChannelParticipant(
	channel_id=2862519683,
	date=datetime.datetime(2025, 11, 24, 18, 51, 34, tzinfo=datetime.timezone.utc),
	actor_id=667079998,
	user_id=1083015722,
	qts=183640584,
	via_chatlist=False,
	prev_participant=ChannelParticipantBanned(
		peer=PeerUser(
			user_id=1083015722
		),
		kicked_by=667079998,
		date=datetime.datetime(2025, 7, 26, 3, 27, 59, tzinfo=datetime.timezone.utc),
		banned_rights=ChatBannedRights(
			until_date=datetime.datetime(2038, 1, 19, 3, 14, 7, tzinfo=datetime.timezone.utc),
			view_messages=False,
			send_messages=False,
			send_media=False,
			send_stickers=False,
			send_gifs=False,
			send_games=False,
			send_inline=False,
			embed_links=False,
			send_polls=False,
			change_info=True,
			invite_users=True,
			pin_messages=True,
			manage_topics=True,
			send_photos=False,
			send_videos=False,
			send_roundvideos=False,
			send_audios=True,
			send_voices=False,
			send_docs=True,
			send_plain=False
		),
		left=False
	),
	new_participant=ChannelParticipantAdmin(
		user_id=1083015722,
		promoted_by=667079998,
		date=datetime.datetime(2025, 11, 24, 18, 51, 34, tzinfo=datetime.timezone.utc),
		admin_rights=ChatAdminRights(
			change_info=True,
			post_messages=False,
			edit_messages=False,
			delete_messages=True,
			ban_users=True,
			invite_users=True,
			pin_messages=True,
			add_admins=True,
			anonymous=False,
			manage_call=True,
			other=True,
			manage_topics=True,
			post_stories=True,
			edit_stories=True,
			delete_stories=True
		),
		can_edit=False,
		is_self=True,
		inviter_id=667079998,
		rank=None
	),
	invite=None
)
UpdateChannelParticipant(
	channel_id=3317637506,
	date=datetime.datetime(2025, 11, 26, 7, 26, 20, tzinfo=datetime.timezone.utc),
	actor_id=7602643639,
	user_id=1083015722,
	qts=183652037,
	via_chatlist=False,
	prev_participant=None,
	new_participant=ChannelParticipantSelf(
		user_id=1083015722,
		inviter_id=7602643639,
		date=datetime.datetime(2025, 11, 26, 7, 26, 20, tzinfo=datetime.timezone.utc),
		via_request=False,
		subscription_until_date=None
	),
	invite=None
)
UpdateChannelParticipant(
	channel_id=3317637506,
	date=datetime.datetime(2025, 11, 26, 19, 21, 25, tzinfo=datetime.timezone.utc),
	actor_id=1463262062,
	user_id=1083015722,
	qts=183657381,
	via_chatlist=False,
	prev_participant=ChannelParticipantSelf(
		user_id=1083015722,
		inviter_id=7602643639,
		date=datetime.datetime(2025, 11, 26, 7, 26, 20, tzinfo=datetime.timezone.utc),
		via_request=False,
		subscription_until_date=None
	),
	new_participant=ChannelParticipantAdmin(
		user_id=1083015722,
		promoted_by=1463262062,
		date=datetime.datetime(2025, 11, 26, 19, 21, 25, tzinfo=datetime.timezone.utc),
		admin_rights=ChatAdminRights(
			change_info=True,
			post_messages=False,
			edit_messages=False,
			delete_messages=True,
			ban_users=True,
			invite_users=True,
			pin_messages=True,
			add_admins=False,
			anonymous=False,
			manage_call=True,
			other=True,
			manage_topics=True,
			post_stories=True,
			edit_stories=True,
			delete_stories=True
		),
		can_edit=False,
		is_self=True,
		inviter_id=7602643639,
		rank=None
	),
	invite=None
)
UpdateChannelParticipant(
	channel_id=2064454950,
	date=datetime.datetime(2025, 11, 27, 0, 8, 7, tzinfo=datetime.timezone.utc),
	actor_id=8557912572,
	user_id=1083015722,
	qts=183659168,
	via_chatlist=False,
	prev_participant=ChannelParticipantAdmin(
		user_id=1083015722,
		promoted_by=6167148691,
		date=datetime.datetime(2024, 1, 11, 12, 1, 42, tzinfo=datetime.timezone.utc),
		admin_rights=ChatAdminRights(
			change_info=True,
			post_messages=False,
			edit_messages=False,
			delete_messages=True,
			ban_users=True,
			invite_users=True,
			pin_messages=True,
			add_admins=False,
			anonymous=False,
			manage_call=True,
			other=True,
			manage_topics=False,
			post_stories=True,
			edit_stories=True,
			delete_stories=True
		),
		can_edit=False,
		is_self=True,
		inviter_id=6167148691,
		rank=None
	),
	new_participant=ChannelParticipantBanned(
		peer=PeerUser(
			user_id=1083015722
		),
		kicked_by=8557912572,
		date=datetime.datetime(2025, 11, 27, 0, 8, 7, tzinfo=datetime.timezone.utc),
		banned_rights=ChatBannedRights(
			until_date=datetime.datetime(2038, 1, 19, 3, 14, 7, tzinfo=datetime.timezone.utc),
			view_messages=True,
			send_messages=True,
			send_media=True,
			send_stickers=True,
			send_gifs=True,
			send_games=True,
			send_inline=True,
			embed_links=True,
			send_polls=True,
			change_info=True,
			invite_users=True,
			pin_messages=True,
			manage_topics=True,
			send_photos=True,
			send_videos=True,
			send_roundvideos=True,
			send_audios=True,
			send_voices=True,
			send_docs=True,
			send_plain=True
		),
		left=True
	),
	invite=None
)
UpdateChannelParticipant(
	channel_id=1585347887,
	date=datetime.datetime(2025, 11, 27, 7, 54, 8, tzinfo=datetime.timezone.utc),
	actor_id=311477229,
	user_id=1083015722,
	qts=183661477,
	via_chatlist=False,
	prev_participant=ChannelParticipantAdmin(
		user_id=1083015722,
		promoted_by=311477229,
		date=datetime.datetime(2024, 10, 19, 18, 26, 31, tzinfo=datetime.timezone.utc),
		admin_rights=ChatAdminRights(
			change_info=True,
			post_messages=False,
			edit_messages=False,
			delete_messages=True,
			ban_users=True,
			invite_users=True,
			pin_messages=True,
			add_admins=True,
			anonymous=True,
			manage_call=True,
			other=True,
			manage_topics=True,
			post_stories=True,
			edit_stories=True,
			delete_stories=True
		),
		can_edit=False,
		is_self=True,
		inviter_id=311477229,
		rank='Бот'
	),
	new_participant=ChannelParticipantSelf(
		user_id=1083015722,
		inviter_id=311477229,
		date=datetime.datetime(2025, 11, 27, 7, 54, 8, tzinfo=datetime.timezone.utc),
		via_request=False,
		subscription_until_date=None
	),
	invite=None
)
UpdateChannelParticipant(
	channel_id=2056062604,
	date=datetime.datetime(2025, 11, 27, 23, 11, 7, tzinfo=datetime.timezone.utc),
	actor_id=1833528266,
	user_id=1083015722,
	qts=183668332,
	via_chatlist=False,
	prev_participant=None,
	new_participant=ChannelParticipantAdmin(
		user_id=1083015722,
		promoted_by=1833528266,
		date=datetime.datetime(2025, 11, 27, 23, 11, 7, tzinfo=datetime.timezone.utc),
		admin_rights=ChatAdminRights(
			change_info=False,
			post_messages=False,
			edit_messages=False,
			delete_messages=True,
			ban_users=False,
			invite_users=False,
			pin_messages=False,
			add_admins=False,
			anonymous=False,
			manage_call=False,
			other=True,
			manage_topics=True,
			post_stories=False,
			edit_stories=False,
			delete_stories=False
		),
		can_edit=False,
		is_self=True,
		inviter_id=1833528266,
		rank=None
	),
	invite=None
)
UpdateChannelParticipant(
	channel_id=2056062604,
	date=datetime.datetime(2025, 11, 29, 14, 5, 34, tzinfo=datetime.timezone.utc),
	actor_id=1833528266,
	user_id=1083015722,
	qts=183680963,
	via_chatlist=False,
	prev_participant=ChannelParticipantAdmin(
		user_id=1083015722,
		promoted_by=1833528266,
		date=datetime.datetime(2025, 11, 27, 23, 11, 7, tzinfo=datetime.timezone.utc),
		admin_rights=ChatAdminRights(
			change_info=False,
			post_messages=False,
			edit_messages=False,
			delete_messages=True,
			ban_users=False,
			invite_users=False,
			pin_messages=False,
			add_admins=False,
			anonymous=False,
			manage_call=False,
			other=True,
			manage_topics=True,
			post_stories=False,
			edit_stories=False,
			delete_stories=False
		),
		can_edit=False,
		is_self=True,
		inviter_id=1833528266,
		rank=None
	),
	new_participant=ChannelParticipantAdmin(
		user_id=1083015722,
		promoted_by=1833528266,
		date=datetime.datetime(2025, 11, 27, 23, 11, 7, tzinfo=datetime.timezone.utc),
		admin_rights=ChatAdminRights(
			change_info=False,
			post_messages=False,
			edit_messages=False,
			delete_messages=True,
			ban_users=False,
			invite_users=False,
			pin_messages=False,
			add_admins=False,
			anonymous=False,
			manage_call=False,
			other=True,
			manage_topics=True,
			post_stories=True,
			edit_stories=False,
			delete_stories=False
		),
		can_edit=False,
		is_self=True,
		inviter_id=1833528266,
		rank=None
	),
	invite=None
)
UpdateChannelParticipant(
	channel_id=2056062604,
	date=datetime.datetime(2025, 11, 29, 17, 30, 35, tzinfo=datetime.timezone.utc),
	actor_id=1833528266,
	user_id=1083015722,
	qts=183682725,
	via_chatlist=False,
	prev_participant=ChannelParticipantAdmin(
		user_id=1083015722,
		promoted_by=1833528266,
		date=datetime.datetime(2025, 11, 27, 23, 11, 7, tzinfo=datetime.timezone.utc),
		admin_rights=ChatAdminRights(
			change_info=False,
			post_messages=False,
			edit_messages=False,
			delete_messages=True,
			ban_users=False,
			invite_users=False,
			pin_messages=False,
			add_admins=False,
			anonymous=False,
			manage_call=False,
			other=True,
			manage_topics=True,
			post_stories=True,
			edit_stories=False,
			delete_stories=False
		),
		can_edit=False,
		is_self=True,
		inviter_id=1833528266,
		rank=None
	),
	new_participant=ChannelParticipantSelf(
		user_id=1083015722,
		inviter_id=1833528266,
		date=datetime.datetime(2025, 11, 29, 17, 30, 34, tzinfo=datetime.timezone.utc),
		via_request=False,
		subscription_until_date=None
	),
	invite=None
)
UpdateChannelParticipant(
	channel_id=1600732081,
	date=datetime.datetime(2025, 12, 2, 6, 32, 58, tzinfo=datetime.timezone.utc),
	actor_id=5635687619,
	user_id=1083015722,
	qts=183704797,
	via_chatlist=False,
	prev_participant=ChannelParticipantAdmin(
		user_id=1083015722,
		promoted_by=2103398746,
		date=datetime.datetime(2023, 7, 1, 13, 24, 46, tzinfo=datetime.timezone.utc),
		admin_rights=ChatAdminRights(
			change_info=True,
			post_messages=False,
			edit_messages=False,
			delete_messages=True,
			ban_users=True,
			invite_users=True,
			pin_messages=True,
			add_admins=False,
			anonymous=False,
			manage_call=True,
			other=True,
			manage_topics=True,
			post_stories=True,
			edit_stories=True,
			delete_stories=True
		),
		can_edit=False,
		is_self=True,
		inviter_id=2103398746,
		rank=None
	),
	new_participant=ChannelParticipantBanned(
		peer=PeerUser(
			user_id=1083015722
		),
		kicked_by=5635687619,
		date=datetime.datetime(2025, 12, 2, 6, 32, 58, tzinfo=datetime.timezone.utc),
		banned_rights=ChatBannedRights(
			until_date=datetime.datetime(2038, 1, 19, 3, 14, 7, tzinfo=datetime.timezone.utc),
			view_messages=True,
			send_messages=True,
			send_media=True,
			send_stickers=True,
			send_gifs=True,
			send_games=True,
			send_inline=True,
			embed_links=True,
			send_polls=True,
			change_info=True,
			invite_users=True,
			pin_messages=True,
			manage_topics=True,
			send_photos=True,
			send_videos=True,
			send_roundvideos=True,
			send_audios=True,
			send_voices=True,
			send_docs=True,
			send_plain=True
		),
		left=True
	),
	invite=None
)
UpdateChannelParticipant(
	channel_id=3150185842,
	date=datetime.datetime(2025, 12, 2, 20, 22, tzinfo=datetime.timezone.utc),
	actor_id=6958167535,
	user_id=1083015722,
	qts=183711463,
	via_chatlist=False,
	prev_participant=None,
	new_participant=ChannelParticipantAdmin(
		user_id=1083015722,
		promoted_by=6958167535,
		date=datetime.datetime(2025, 12, 2, 20, 22, tzinfo=datetime.timezone.utc),
		admin_rights=ChatAdminRights(
			change_info=False,
			post_messages=False,
			edit_messages=False,
			delete_messages=True,
			ban_users=True,
			invite_users=False,
			pin_messages=False,
			add_admins=False,
			anonymous=False,
			manage_call=False,
			other=True,
			manage_topics=False,
			post_stories=False,
			edit_stories=False,
			delete_stories=False
		),
		can_edit=False,
		is_self=True,
		inviter_id=6958167535,
		rank=None
	),
	invite=None
)
UpdateChannelParticipant(
	channel_id=1530677654,
	date=datetime.datetime(2025, 12, 4, 16, 38, 46, tzinfo=datetime.timezone.utc),
	actor_id=388684760,
	user_id=1083015722,
	qts=183729292,
	via_chatlist=False,
	prev_participant=ChannelParticipantAdmin(
		user_id=1083015722,
		promoted_by=388684760,
		date=datetime.datetime(2022, 8, 31, 12, 50, 50, tzinfo=datetime.timezone.utc),
		admin_rights=ChatAdminRights(
			change_info=False,
			post_messages=False,
			edit_messages=False,
			delete_messages=True,
			ban_users=False,
			invite_users=False,
			pin_messages=False,
			add_admins=False,
			anonymous=False,
			manage_call=False,
			other=True,
			manage_topics=True,
			post_stories=False,
			edit_stories=False,
			delete_stories=False
		),
		can_edit=False,
		is_self=True,
		inviter_id=691456986,
		rank='Здарова-бот'
	),
	new_participant=ChannelParticipantAdmin(
		user_id=1083015722,
		promoted_by=388684760,
		date=datetime.datetime(2022, 8, 31, 12, 50, 50, tzinfo=datetime.timezone.utc),
		admin_rights=ChatAdminRights(
			change_info=False,
			post_messages=False,
			edit_messages=False,
			delete_messages=True,
			ban_users=False,
			invite_users=False,
			pin_messages=False,
			add_admins=False,
			anonymous=False,
			manage_call=False,
			other=True,
			manage_topics=False,
			post_stories=False,
			edit_stories=False,
			delete_stories=False
		),
		can_edit=False,
		is_self=True,
		inviter_id=691456986,
		rank='Здарова-бот'
	),
	invite=None
)
UpdateChannelParticipant(
	channel_id=1530677654,
	date=datetime.datetime(2025, 12, 4, 16, 42, 23, tzinfo=datetime.timezone.utc),
	actor_id=388684760,
	user_id=1083015722,
	qts=0,
	via_chatlist=False,
	prev_participant=ChannelParticipantAdmin(
		user_id=1083015722,
		promoted_by=388684760,
		date=datetime.datetime(2022, 8, 31, 12, 50, 50, tzinfo=datetime.timezone.utc),
		admin_rights=ChatAdminRights(
			change_info=False,
			post_messages=False,
			edit_messages=False,
			delete_messages=True,
			ban_users=False,
			invite_users=False,
			pin_messages=False,
			add_admins=False,
			anonymous=False,
			manage_call=False,
			other=True,
			manage_topics=False,
			post_stories=False,
			edit_stories=False,
			delete_stories=False
		),
		can_edit=False,
		is_self=True,
		inviter_id=691456986,
		rank='Здарова-бот'
	),
	new_participant=ChannelParticipantAdmin(
		user_id=1083015722,
		promoted_by=388684760,
		date=datetime.datetime(2025, 12, 4, 16, 42, 23, tzinfo=datetime.timezone.utc),
		admin_rights=ChatAdminRights(
			change_info=False,
			post_messages=False,
			edit_messages=False,
			delete_messages=True,
			ban_users=False,
			invite_users=False,
			pin_messages=False,
			add_admins=False,
			anonymous=True,
			manage_call=False,
			other=True,
			manage_topics=False,
			post_stories=False,
			edit_stories=False,
			delete_stories=False
		),
		can_edit=False,
		is_self=True,
		inviter_id=691456986,
		rank='Здарова-бот'
	),
	invite=None
)
UpdateChannelParticipant(
	channel_id=1530677654,
	date=datetime.datetime(2025, 12, 4, 16, 43, tzinfo=datetime.timezone.utc),
	actor_id=388684760,
	user_id=1083015722,
	qts=183729322,
	via_chatlist=False,
	prev_participant=ChannelParticipantAdmin(
		user_id=1083015722,
		promoted_by=388684760,
		date=datetime.datetime(2025, 12, 4, 16, 42, 23, tzinfo=datetime.timezone.utc),
		admin_rights=ChatAdminRights(
			change_info=False,
			post_messages=False,
			edit_messages=False,
			delete_messages=True,
			ban_users=False,
			invite_users=False,
			pin_messages=False,
			add_admins=False,
			anonymous=True,
			manage_call=False,
			other=True,
			manage_topics=False,
			post_stories=False,
			edit_stories=False,
			delete_stories=False
		),
		can_edit=False,
		is_self=True,
		inviter_id=691456986,
		rank='Здарова-бот'
	),
	new_participant=ChannelParticipantAdmin(
		user_id=1083015722,
		promoted_by=388684760,
		date=datetime.datetime(2025, 12, 4, 16, 42, 23, tzinfo=datetime.timezone.utc),
		admin_rights=ChatAdminRights(
			change_info=False,
			post_messages=False,
			edit_messages=False,
			delete_messages=True,
			ban_users=False,
			invite_users=True,
			pin_messages=False,
			add_admins=False,
			anonymous=True,
			manage_call=False,
			other=True,
			manage_topics=False,
			post_stories=False,
			edit_stories=False,
			delete_stories=False
		),
		can_edit=False,
		is_self=True,
		inviter_id=691456986,
		rank='Здарова-бот'
	),
	invite=None
)
UpdateChannelParticipant(
	channel_id=3379110688,
	date=datetime.datetime(2025, 12, 6, 4, 44, 35, tzinfo=datetime.timezone.utc),
	actor_id=5702015644,
	user_id=1083015722,
	qts=183741358,
	via_chatlist=False,
	prev_participant=None,
	new_participant=ChannelParticipantSelf(
		user_id=1083015722,
		inviter_id=5702015644,
		date=datetime.datetime(2025, 12, 6, 4, 44, 35, tzinfo=datetime.timezone.utc),
		via_request=False,
		subscription_until_date=None
	),
	invite=None
)
UpdateChannelParticipant(
	channel_id=1512431811,
	date=datetime.datetime(2025, 12, 9, 9, 49, 56, tzinfo=datetime.timezone.utc),
	actor_id=6547149043,
	user_id=1083015722,
	qts=183767736,
	via_chatlist=False,
	prev_participant=ChannelParticipantAdmin(
		user_id=1083015722,
		promoted_by=1162906782,
		date=datetime.datetime(2022, 4, 14, 16, 41, 9, tzinfo=datetime.timezone.utc),
		admin_rights=ChatAdminRights(
			change_info=True,
			post_messages=False,
			edit_messages=False,
			delete_messages=True,
			ban_users=True,
			invite_users=True,
			pin_messages=True,
			add_admins=False,
			anonymous=False,
			manage_call=True,
			other=True,
			manage_topics=False,
			post_stories=True,
			edit_stories=True,
			delete_stories=True
		),
		can_edit=False,
		is_self=True,
		inviter_id=1087968824,
		rank=None
	),
	new_participant=ChannelParticipantBanned(
		peer=PeerUser(
			user_id=1083015722
		),
		kicked_by=6547149043,
		date=datetime.datetime(2025, 12, 9, 9, 49, 56, tzinfo=datetime.timezone.utc),
		banned_rights=ChatBannedRights(
			until_date=datetime.datetime(2038, 1, 19, 3, 14, 7, tzinfo=datetime.timezone.utc),
			view_messages=True,
			send_messages=True,
			send_media=True,
			send_stickers=True,
			send_gifs=True,
			send_games=True,
			send_inline=True,
			embed_links=True,
			send_polls=True,
			change_info=True,
			invite_users=True,
			pin_messages=True,
			manage_topics=True,
			send_photos=True,
			send_videos=True,
			send_roundvideos=True,
			send_audios=True,
			send_voices=True,
			send_docs=True,
			send_plain=True
		),
		left=True
	),
	invite=None
)
UpdateChannelParticipant(
	channel_id=3235557477,
	date=datetime.datetime(2025, 12, 10, 16, 6, 42, tzinfo=datetime.timezone.utc),
	actor_id=1207380292,
	user_id=1083015722,
	qts=183778729,
	via_chatlist=False,
	prev_participant=None,
	new_participant=ChannelParticipantAdmin(
		user_id=1083015722,
		promoted_by=1207380292,
		date=datetime.datetime(2025, 12, 10, 16, 6, 42, tzinfo=datetime.timezone.utc),
		admin_rights=ChatAdminRights(
			change_info=False,
			post_messages=False,
			edit_messages=False,
			delete_messages=True,
			ban_users=False,
			invite_users=False,
			pin_messages=False,
			add_admins=False,
			anonymous=False,
			manage_call=False,
			other=True,
			manage_topics=True,
			post_stories=False,
			edit_stories=False,
			delete_stories=False
		),
		can_edit=False,
		is_self=True,
		inviter_id=1207380292,
		rank=None
	),
	invite=None
)
UpdateChannelParticipant(
	channel_id=2241867026,
	date=datetime.datetime(2025, 12, 10, 16, 19, 41, tzinfo=datetime.timezone.utc),
	actor_id=1437034306,
	user_id=1083015722,
	qts=183778812,
	via_chatlist=False,
	prev_participant=None,
	new_participant=ChannelParticipantAdmin(
		user_id=1083015722,
		promoted_by=1437034306,
		date=datetime.datetime(2025, 12, 10, 16, 19, 41, tzinfo=datetime.timezone.utc),
		admin_rights=ChatAdminRights(
			change_info=False,
			post_messages=False,
			edit_messages=False,
			delete_messages=True,
			ban_users=False,
			invite_users=False,
			pin_messages=False,
			add_admins=False,
			anonymous=False,
			manage_call=False,
			other=True,
			manage_topics=False,
			post_stories=False,
			edit_stories=False,
			delete_stories=False
		),
		can_edit=False,
		is_self=True,
		inviter_id=1437034306,
		rank=None
	),
	invite=None
)
UpdateChannelParticipant(
	channel_id=3454564911,
	date=datetime.datetime(2025, 12, 11, 4, 49, 46, tzinfo=datetime.timezone.utc),
	actor_id=6602867356,
	user_id=1083015722,
	qts=183782762,
	via_chatlist=False,
	prev_participant=None,
	new_participant=ChannelParticipantAdmin(
		user_id=1083015722,
		promoted_by=6602867356,
		date=datetime.datetime(2025, 12, 11, 4, 49, 46, tzinfo=datetime.timezone.utc),
		admin_rights=ChatAdminRights(
			change_info=False,
			post_messages=False,
			edit_messages=False,
			delete_messages=True,
			ban_users=False,
			invite_users=False,
			pin_messages=False,
			add_admins=False,
			anonymous=False,
			manage_call=False,
			other=True,
			manage_topics=False,
			post_stories=False,
			edit_stories=False,
			delete_stories=False
		),
		can_edit=False,
		is_self=True,
		inviter_id=6602867356,
		rank=None
	),
	invite=None
)
UpdateChannelParticipant(
	channel_id=2964065511,
	date=datetime.datetime(2025, 12, 11, 15, 47, 15, tzinfo=datetime.timezone.utc),
	actor_id=5485507454,
	user_id=1083015722,
	qts=183787438,
	via_chatlist=False,
	prev_participant=ChannelParticipantBanned(
		peer=PeerUser(
			user_id=1083015722
		),
		kicked_by=5485507454,
		date=datetime.datetime(2025, 12, 11, 14, 57, 46, tzinfo=datetime.timezone.utc),
		banned_rights=ChatBannedRights(
			until_date=datetime.datetime(2038, 1, 19, 3, 14, 7, tzinfo=datetime.timezone.utc),
			view_messages=True,
			send_messages=True,
			send_media=True,
			send_stickers=True,
			send_gifs=True,
			send_games=True,
			send_inline=True,
			embed_links=True,
			send_polls=True,
			change_info=True,
			invite_users=True,
			pin_messages=True,
			manage_topics=True,
			send_photos=True,
			send_videos=True,
			send_roundvideos=True,
			send_audios=True,
			send_voices=True,
			send_docs=True,
			send_plain=True
		),
		left=True
	),
	new_participant=ChannelParticipantAdmin(
		user_id=1083015722,
		promoted_by=5485507454,
		date=datetime.datetime(2025, 12, 11, 15, 47, 15, tzinfo=datetime.timezone.utc),
		admin_rights=ChatAdminRights(
			change_info=True,
			post_messages=False,
			edit_messages=False,
			delete_messages=True,
			ban_users=False,
			invite_users=False,
			pin_messages=True,
			add_admins=True,
			anonymous=True,
			manage_call=False,
			other=True,
			manage_topics=True,
			post_stories=False,
			edit_stories=False,
			delete_stories=False
		),
		can_edit=False,
		is_self=True,
		inviter_id=5485507454,
		rank=None
	),
	invite=None
)
UpdateChannelParticipant(
	channel_id=2964065511,
	date=datetime.datetime(2025, 12, 11, 15, 50, 8, tzinfo=datetime.timezone.utc),
	actor_id=5485507454,
	user_id=1083015722,
	qts=0,
	via_chatlist=False,
	prev_participant=ChannelParticipantAdmin(
		user_id=1083015722,
		promoted_by=5485507454,
		date=datetime.datetime(2025, 12, 11, 15, 47, 15, tzinfo=datetime.timezone.utc),
		admin_rights=ChatAdminRights(
			change_info=True,
			post_messages=False,
			edit_messages=False,
			delete_messages=True,
			ban_users=False,
			invite_users=False,
			pin_messages=True,
			add_admins=True,
			anonymous=True,
			manage_call=False,
			other=True,
			manage_topics=True,
			post_stories=False,
			edit_stories=False,
			delete_stories=False
		),
		can_edit=False,
		is_self=True,
		inviter_id=5485507454,
		rank=None
	),
	new_participant=ChannelParticipantAdmin(
		user_id=1083015722,
		promoted_by=5485507454,
		date=datetime.datetime(2025, 12, 11, 15, 47, 15, tzinfo=datetime.timezone.utc),
		admin_rights=ChatAdminRights(
			change_info=True,
			post_messages=False,
			edit_messages=False,
			delete_messages=True,
			ban_users=False,
			invite_users=False,
			pin_messages=True,
			add_admins=True,
			anonymous=True,
			manage_call=False,
			other=True,
			manage_topics=True,
			post_stories=False,
			edit_stories=False,
			delete_stories=False
		),
		can_edit=False,
		is_self=True,
		inviter_id=5485507454,
		rank='Бот'
	),
	invite=None
)
UpdateChannelParticipant(
	channel_id=3127629363,
	date=datetime.datetime(2025, 12, 11, 16, 44, 30, tzinfo=datetime.timezone.utc),
	actor_id=5485507454,
	user_id=1083015722,
	qts=183787865,
	via_chatlist=False,
	prev_participant=None,
	new_participant=ChannelParticipantAdmin(
		user_id=1083015722,
		promoted_by=5485507454,
		date=datetime.datetime(2025, 12, 11, 16, 44, 30, tzinfo=datetime.timezone.utc),
		admin_rights=ChatAdminRights(
			change_info=False,
			post_messages=False,
			edit_messages=False,
			delete_messages=True,
			ban_users=False,
			invite_users=False,
			pin_messages=True,
			add_admins=True,
			anonymous=True,
			manage_call=False,
			other=True,
			manage_topics=True,
			post_stories=False,
			edit_stories=False,
			delete_stories=False
		),
		can_edit=False,
		is_self=True,
		inviter_id=5485507454,
		rank=None
	),
	invite=None
)
UpdateChannelParticipant(
	channel_id=3127629363,
	date=datetime.datetime(2025, 12, 11, 16, 46, 41, tzinfo=datetime.timezone.utc),
	actor_id=5485507454,
	user_id=1083015722,
	qts=183787882,
	via_chatlist=False,
	prev_participant=ChannelParticipantAdmin(
		user_id=1083015722,
		promoted_by=5485507454,
		date=datetime.datetime(2025, 12, 11, 16, 44, 30, tzinfo=datetime.timezone.utc),
		admin_rights=ChatAdminRights(
			change_info=False,
			post_messages=False,
			edit_messages=False,
			delete_messages=True,
			ban_users=False,
			invite_users=False,
			pin_messages=True,
			add_admins=True,
			anonymous=True,
			manage_call=False,
			other=True,
			manage_topics=True,
			post_stories=False,
			edit_stories=False,
			delete_stories=False
		),
		can_edit=False,
		is_self=True,
		inviter_id=5485507454,
		rank=None
	),
	new_participant=ChannelParticipantAdmin(
		user_id=1083015722,
		promoted_by=5485507454,
		date=datetime.datetime(2025, 12, 11, 16, 46, 41, tzinfo=datetime.timezone.utc),
		admin_rights=ChatAdminRights(
			change_info=False,
			post_messages=False,
			edit_messages=False,
			delete_messages=True,
			ban_users=False,
			invite_users=False,
			pin_messages=True,
			add_admins=True,
			anonymous=True,
			manage_call=False,
			other=True,
			manage_topics=True,
			post_stories=False,
			edit_stories=False,
			delete_stories=False
		),
		can_edit=False,
		is_self=True,
		inviter_id=5485507454,
		rank='Бот'
	),
	invite=None
)
UpdateChannelParticipant(
	channel_id=3364224004,
	date=datetime.datetime(2025, 12, 20, 23, 59, 42, tzinfo=datetime.timezone.utc),
	actor_id=339167883,
	user_id=1083015722,
	qts=183869112,
	via_chatlist=False,
	prev_participant=None,
	new_participant=ChannelParticipantAdmin(
		user_id=1083015722,
		promoted_by=339167883,
		date=datetime.datetime(2025, 12, 20, 23, 59, 42, tzinfo=datetime.timezone.utc),
		admin_rights=ChatAdminRights(
			change_info=False,
			post_messages=False,
			edit_messages=False,
			delete_messages=True,
			ban_users=False,
			invite_users=False,
			pin_messages=False,
			add_admins=False,
			anonymous=False,
			manage_call=False,
			other=True,
			manage_topics=False,
			post_stories=False,
			edit_stories=False,
			delete_stories=False
		),
		can_edit=False,
		is_self=True,
		inviter_id=339167883,
		rank=None
	),
	invite=None
)
UpdateChannelParticipant(
	channel_id=2978972335,
	date=datetime.datetime(2025, 12, 25, 12, 12, 38, tzinfo=datetime.timezone.utc),
	actor_id=5485507454,
	user_id=1083015722,
	qts=183907017,
	via_chatlist=False,
	prev_participant=None,
	new_participant=ChannelParticipantAdmin(
		user_id=1083015722,
		promoted_by=5485507454,
		date=datetime.datetime(2025, 12, 25, 12, 12, 38, tzinfo=datetime.timezone.utc),
		admin_rights=ChatAdminRights(
			change_info=True,
			post_messages=False,
			edit_messages=False,
			delete_messages=True,
			ban_users=True,
			invite_users=True,
			pin_messages=True,
			add_admins=False,
			anonymous=False,
			manage_call=False,
			other=True,
			manage_topics=True,
			post_stories=False,
			edit_stories=False,
			delete_stories=False
		),
		can_edit=False,
		is_self=True,
		inviter_id=5485507454,
		rank='Бот'
	),
	invite=None
)
UpdateChannelParticipant(
	channel_id=2978972335,
	date=datetime.datetime(2025, 12, 25, 12, 17, 4, tzinfo=datetime.timezone.utc),
	actor_id=5485507454,
	user_id=1083015722,
	qts=0,
	via_chatlist=False,
	prev_participant=ChannelParticipantAdmin(
		user_id=1083015722,
		promoted_by=5485507454,
		date=datetime.datetime(2025, 12, 25, 12, 12, 38, tzinfo=datetime.timezone.utc),
		admin_rights=ChatAdminRights(
			change_info=True,
			post_messages=False,
			edit_messages=False,
			delete_messages=True,
			ban_users=True,
			invite_users=True,
			pin_messages=True,
			add_admins=False,
			anonymous=False,
			manage_call=False,
			other=True,
			manage_topics=True,
			post_stories=False,
			edit_stories=False,
			delete_stories=False
		),
		can_edit=False,
		is_self=True,
		inviter_id=5485507454,
		rank='Бот'
	),
	new_participant=ChannelParticipantAdmin(
		user_id=1083015722,
		promoted_by=5485507454,
		date=datetime.datetime(2025, 12, 25, 12, 12, 38, tzinfo=datetime.timezone.utc),
		admin_rights=ChatAdminRights(
			change_info=True,
			post_messages=False,
			edit_messages=False,
			delete_messages=True,
			ban_users=True,
			invite_users=True,
			pin_messages=True,
			add_admins=True,
			anonymous=False,
			manage_call=False,
			other=True,
			manage_topics=True,
			post_stories=False,
			edit_stories=False,
			delete_stories=False
		),
		can_edit=False,
		is_self=True,
		inviter_id=5485507454,
		rank='Бот'
	),
	invite=None
)
UpdateChannelParticipant(
	channel_id=1608537156,
	date=datetime.datetime(2025, 12, 29, 11, 4, 42, tzinfo=datetime.timezone.utc),
	actor_id=1303126973,
	user_id=1083015722,
	qts=183946025,
	via_chatlist=False,
	prev_participant=ChannelParticipantAdmin(
		user_id=1083015722,
		promoted_by=1303126973,
		date=datetime.datetime(2022, 3, 14, 15, 40, 17, tzinfo=datetime.timezone.utc),
		admin_rights=ChatAdminRights(
			change_info=True,
			post_messages=False,
			edit_messages=False,
			delete_messages=True,
			ban_users=True,
			invite_users=True,
			pin_messages=True,
			add_admins=False,
			anonymous=False,
			manage_call=True,
			other=True,
			manage_topics=False,
			post_stories=True,
			edit_stories=True,
			delete_stories=True
		),
		can_edit=False,
		is_self=True,
		inviter_id=1303126973,
		rank=None
	),
	new_participant=ChannelParticipantBanned(
		peer=PeerUser(
			user_id=1083015722
		),
		kicked_by=1303126973,
		date=datetime.datetime(2025, 12, 29, 11, 4, 42, tzinfo=datetime.timezone.utc),
		banned_rights=ChatBannedRights(
			until_date=datetime.datetime(2038, 1, 19, 3, 14, 7, tzinfo=datetime.timezone.utc),
			view_messages=True,
			send_messages=True,
			send_media=True,
			send_stickers=True,
			send_gifs=True,
			send_games=True,
			send_inline=True,
			embed_links=True,
			send_polls=True,
			change_info=True,
			invite_users=True,
			pin_messages=True,
			manage_topics=True,
			send_photos=True,
			send_videos=True,
			send_roundvideos=True,
			send_audios=True,
			send_voices=True,
			send_docs=True,
			send_plain=True
		),
		left=True
	),
	invite=None
)
UpdateChannelParticipant(
	channel_id=2964341011,
	date=datetime.datetime(2025, 12, 30, 18, 18, 51, tzinfo=datetime.timezone.utc),
	actor_id=7511991945,
	user_id=1083015722,
	qts=183956816,
	via_chatlist=False,
	prev_participant=None,
	new_participant=ChannelParticipantAdmin(
		user_id=1083015722,
		promoted_by=7511991945,
		date=datetime.datetime(2025, 12, 30, 18, 18, 51, tzinfo=datetime.timezone.utc),
		admin_rights=ChatAdminRights(
			change_info=False,
			post_messages=False,
			edit_messages=False,
			delete_messages=False,
			ban_users=False,
			invite_users=False,
			pin_messages=False,
			add_admins=False,
			anonymous=False,
			manage_call=False,
			other=True,
			manage_topics=False,
			post_stories=False,
			edit_stories=False,
			delete_stories=False
		),
		can_edit=False,
		is_self=True,
		inviter_id=7511991945,
		rank=None
	),
	invite=None
)
UpdateChannelParticipant(
	channel_id=3590037120,
	date=datetime.datetime(2026, 1, 4, 22, 19, 37, tzinfo=datetime.timezone.utc),
	actor_id=8511573054,
	user_id=1083015722,
	qts=184005975,
	via_chatlist=False,
	prev_participant=None,
	new_participant=ChannelParticipantAdmin(
		user_id=1083015722,
		promoted_by=8511573054,
		date=datetime.datetime(2026, 1, 4, 22, 19, 37, tzinfo=datetime.timezone.utc),
		admin_rights=ChatAdminRights(
			change_info=False,
			post_messages=False,
			edit_messages=False,
			delete_messages=True,
			ban_users=False,
			invite_users=False,
			pin_messages=False,
			add_admins=False,
			anonymous=False,
			manage_call=False,
			other=True,
			manage_topics=True,
			post_stories=False,
			edit_stories=False,
			delete_stories=False
		),
		can_edit=False,
		is_self=True,
		inviter_id=8511573054,
		rank=None
	),
	invite=None
)
UpdateChannelParticipant(
	channel_id=2677738575,
	date=datetime.datetime(2026, 1, 8, 12, 21, 46, tzinfo=datetime.timezone.utc),
	actor_id=211710866,
	user_id=1083015722,
	qts=184042434,
	via_chatlist=False,
	prev_participant=None,
	new_participant=ChannelParticipantSelf(
		user_id=1083015722,
		inviter_id=211710866,
		date=datetime.datetime(2026, 1, 8, 12, 21, 46, tzinfo=datetime.timezone.utc),
		via_request=False,
		subscription_until_date=None
	),
	invite=None
)
UpdateChannelParticipant(
	channel_id=2020951205,
	date=datetime.datetime(2026, 1, 9, 18, 44, 50, tzinfo=datetime.timezone.utc),
	actor_id=7398749269,
	user_id=1083015722,
	qts=184057261,
	via_chatlist=False,
	prev_participant=ChannelParticipantAdmin(
		user_id=1083015722,
		promoted_by=771391188,
		date=datetime.datetime(2025, 1, 18, 11, 56, 28, tzinfo=datetime.timezone.utc),
		admin_rights=ChatAdminRights(
			change_info=False,
			post_messages=False,
			edit_messages=False,
			delete_messages=True,
			ban_users=False,
			invite_users=True,
			pin_messages=False,
			add_admins=False,
			anonymous=False,
			manage_call=False,
			other=True,
			manage_topics=True,
			post_stories=False,
			edit_stories=False,
			delete_stories=False
		),
		can_edit=False,
		is_self=True,
		inviter_id=771391188,
		rank=None
	),
	new_participant=ChannelParticipantBanned(
		peer=PeerUser(
			user_id=1083015722
		),
		kicked_by=7398749269,
		date=datetime.datetime(2026, 1, 9, 18, 44, 50, tzinfo=datetime.timezone.utc),
		banned_rights=ChatBannedRights(
			until_date=datetime.datetime(2038, 1, 19, 3, 14, 7, tzinfo=datetime.timezone.utc),
			view_messages=True,
			send_messages=True,
			send_media=True,
			send_stickers=True,
			send_gifs=True,
			send_games=True,
			send_inline=True,
			embed_links=True,
			send_polls=True,
			change_info=True,
			invite_users=True,
			pin_messages=True,
			manage_topics=True,
			send_photos=True,
			send_videos=True,
			send_roundvideos=True,
			send_audios=True,
			send_voices=True,
			send_docs=True,
			send_plain=True
		),
		left=True
	),
	invite=None
)
UpdateChannelParticipant(
	channel_id=3594165111,
	date=datetime.datetime(2026, 1, 9, 18, 56, 53, tzinfo=datetime.timezone.utc),
	actor_id=164703119,
	user_id=1083015722,
	qts=184057418,
	via_chatlist=False,
	prev_participant=None,
	new_participant=ChannelParticipantAdmin(
		user_id=1083015722,
		promoted_by=164703119,
		date=datetime.datetime(2026, 1, 9, 18, 56, 53, tzinfo=datetime.timezone.utc),
		admin_rights=ChatAdminRights(
			change_info=False,
			post_messages=False,
			edit_messages=False,
			delete_messages=True,
			ban_users=False,
			invite_users=False,
			pin_messages=False,
			add_admins=False,
			anonymous=False,
			manage_call=False,
			other=True,
			manage_topics=False,
			post_stories=False,
			edit_stories=False,
			delete_stories=False
		),
		can_edit=False,
		is_self=True,
		inviter_id=164703119,
		rank=None
	),
	invite=None
)
UpdateChannelParticipant(
	channel_id=2020951205,
	date=datetime.datetime(2026, 1, 9, 19, 5, 37, tzinfo=datetime.timezone.utc),
	actor_id=164703119,
	user_id=1083015722,
	qts=184057536,
	via_chatlist=False,
	prev_participant=ChannelParticipantBanned(
		peer=PeerUser(
			user_id=1083015722
		),
		kicked_by=7398749269,
		date=datetime.datetime(2026, 1, 9, 18, 44, 50, tzinfo=datetime.timezone.utc),
		banned_rights=ChatBannedRights(
			until_date=datetime.datetime(2038, 1, 19, 3, 14, 7, tzinfo=datetime.timezone.utc),
			view_messages=True,
			send_messages=True,
			send_media=True,
			send_stickers=True,
			send_gifs=True,
			send_games=True,
			send_inline=True,
			embed_links=True,
			send_polls=True,
			change_info=True,
			invite_users=True,
			pin_messages=True,
			manage_topics=True,
			send_photos=True,
			send_videos=True,
			send_roundvideos=True,
			send_audios=True,
			send_voices=True,
			send_docs=True,
			send_plain=True
		),
		left=True
	),
	new_participant=ChannelParticipantAdmin(
		user_id=1083015722,
		promoted_by=164703119,
		date=datetime.datetime(2026, 1, 9, 19, 5, 37, tzinfo=datetime.timezone.utc),
		admin_rights=ChatAdminRights(
			change_info=False,
			post_messages=False,
			edit_messages=False,
			delete_messages=True,
			ban_users=False,
			invite_users=False,
			pin_messages=False,
			add_admins=False,
			anonymous=False,
			manage_call=False,
			other=True,
			manage_topics=False,
			post_stories=False,
			edit_stories=False,
			delete_stories=False
		),
		can_edit=False,
		is_self=True,
		inviter_id=164703119,
		rank=None
	),
	invite=None
)
UpdateChannelParticipant(
	channel_id=3594165111,
	date=datetime.datetime(2026, 1, 16, 20, 44, 49, tzinfo=datetime.timezone.utc),
	actor_id=164703119,
	user_id=1083015722,
	qts=184131940,
	via_chatlist=False,
	prev_participant=ChannelParticipantAdmin(
		user_id=1083015722,
		promoted_by=164703119,
		date=datetime.datetime(2026, 1, 9, 18, 56, 53, tzinfo=datetime.timezone.utc),
		admin_rights=ChatAdminRights(
			change_info=False,
			post_messages=False,
			edit_messages=False,
			delete_messages=True,
			ban_users=False,
			invite_users=False,
			pin_messages=False,
			add_admins=False,
			anonymous=False,
			manage_call=False,
			other=True,
			manage_topics=False,
			post_stories=False,
			edit_stories=False,
			delete_stories=False
		),
		can_edit=False,
		is_self=True,
		inviter_id=164703119,
		rank=None
	),
	new_participant=ChannelParticipantBanned(
		peer=PeerUser(
			user_id=1083015722
		),
		kicked_by=164703119,
		date=datetime.datetime(2026, 1, 16, 20, 44, 49, tzinfo=datetime.timezone.utc),
		banned_rights=ChatBannedRights(
			until_date=datetime.datetime(2038, 1, 19, 3, 14, 7, tzinfo=datetime.timezone.utc),
			view_messages=True,
			send_messages=True,
			send_media=True,
			send_stickers=True,
			send_gifs=True,
			send_games=True,
			send_inline=True,
			embed_links=True,
			send_polls=True,
			change_info=True,
			invite_users=True,
			pin_messages=True,
			manage_topics=True,
			send_photos=True,
			send_videos=True,
			send_roundvideos=True,
			send_audios=True,
			send_voices=True,
			send_docs=True,
			send_plain=True
		),
		left=True
	),
	invite=None
)
UpdateChannelParticipant(
	channel_id=1570292239,
	date=datetime.datetime(2026, 1, 20, 14, 40, 30, tzinfo=datetime.timezone.utc),
	actor_id=900253287,
	user_id=1083015722,
	qts=184173493,
	via_chatlist=False,
	prev_participant=ChannelParticipantAdmin(
		user_id=1083015722,
		promoted_by=190405685,
		date=datetime.datetime(2021, 9, 30, 12, 5, 16, tzinfo=datetime.timezone.utc),
		admin_rights=ChatAdminRights(
			change_info=True,
			post_messages=False,
			edit_messages=False,
			delete_messages=True,
			ban_users=True,
			invite_users=True,
			pin_messages=True,
			add_admins=False,
			anonymous=False,
			manage_call=True,
			other=True,
			manage_topics=False,
			post_stories=True,
			edit_stories=True,
			delete_stories=True
		),
		can_edit=False,
		is_self=True,
		inviter_id=190405685,
		rank=None
	),
	new_participant=ChannelParticipantBanned(
		peer=PeerUser(
			user_id=1083015722
		),
		kicked_by=1087968824,
		date=datetime.datetime(2026, 1, 20, 14, 40, 30, tzinfo=datetime.timezone.utc),
		banned_rights=ChatBannedRights(
			until_date=datetime.datetime(2038, 1, 19, 3, 14, 7, tzinfo=datetime.timezone.utc),
			view_messages=True,
			send_messages=True,
			send_media=True,
			send_stickers=True,
			send_gifs=True,
			send_games=True,
			send_inline=True,
			embed_links=True,
			send_polls=True,
			change_info=True,
			invite_users=True,
			pin_messages=True,
			manage_topics=True,
			send_photos=True,
			send_videos=True,
			send_roundvideos=True,
			send_audios=True,
			send_voices=True,
			send_docs=True,
			send_plain=True
		),
		left=True
	),
	invite=None
)
UpdateChannelParticipant(
	channel_id=1530677654,
	date=datetime.datetime(2026, 1, 21, 18, 24, 5, tzinfo=datetime.timezone.utc),
	actor_id=388684760,
	user_id=1083015722,
	qts=184185302,
	via_chatlist=False,
	prev_participant=ChannelParticipantAdmin(
		user_id=1083015722,
		promoted_by=388684760,
		date=datetime.datetime(2025, 12, 4, 16, 42, 23, tzinfo=datetime.timezone.utc),
		admin_rights=ChatAdminRights(
			change_info=False,
			post_messages=False,
			edit_messages=False,
			delete_messages=True,
			ban_users=False,
			invite_users=True,
			pin_messages=False,
			add_admins=False,
			anonymous=True,
			manage_call=False,
			other=True,
			manage_topics=False,
			post_stories=False,
			edit_stories=False,
			delete_stories=False
		),
		can_edit=False,
		is_self=True,
		inviter_id=691456986,
		rank='Здарова-бот'
	),
	new_participant=ChannelParticipantAdmin(
		user_id=1083015722,
		promoted_by=388684760,
		date=datetime.datetime(2025, 12, 4, 16, 42, 23, tzinfo=datetime.timezone.utc),
		admin_rights=ChatAdminRights(
			change_info=False,
			post_messages=False,
			edit_messages=False,
			delete_messages=True,
			ban_users=False,
			invite_users=True,
			pin_messages=False,
			add_admins=False,
			anonymous=False,
			manage_call=False,
			other=True,
			manage_topics=True,
			post_stories=False,
			edit_stories=False,
			delete_stories=False
		),
		can_edit=False,
		is_self=True,
		inviter_id=691456986,
		rank='Здарова-бот'
	),
	invite=None
)
UpdateChannelParticipant(
	channel_id=3506540588,
	date=datetime.datetime(2026, 1, 22, 4, 5, 38, tzinfo=datetime.timezone.utc),
	actor_id=253645509,
	user_id=1083015722,
	qts=184187635,
	via_chatlist=False,
	prev_participant=None,
	new_participant=ChannelParticipantAdmin(
		user_id=1083015722,
		promoted_by=1087968824,
		date=datetime.datetime(2026, 1, 22, 4, 5, 38, tzinfo=datetime.timezone.utc),
		admin_rights=ChatAdminRights(
			change_info=False,
			post_messages=False,
			edit_messages=False,
			delete_messages=True,
			ban_users=False,
			invite_users=False,
			pin_messages=False,
			add_admins=False,
			anonymous=False,
			manage_call=False,
			other=True,
			manage_topics=False,
			post_stories=False,
			edit_stories=False,
			delete_stories=False
		),
		can_edit=False,
		is_self=True,
		inviter_id=1087968824,
		rank=None
	),
	invite=None
)
UpdateChannelParticipant(
	channel_id=2388705360,
	date=datetime.datetime(2026, 1, 24, 7, 4, tzinfo=datetime.timezone.utc),
	actor_id=6444305696,
	user_id=1083015722,
	qts=184209786,
	via_chatlist=False,
	prev_participant=None,
	new_participant=ChannelParticipantAdmin(
		user_id=1083015722,
		promoted_by=6444305696,
		date=datetime.datetime(2026, 1, 24, 7, 4, tzinfo=datetime.timezone.utc),
		admin_rights=ChatAdminRights(
			change_info=True,
			post_messages=False,
			edit_messages=False,
			delete_messages=True,
			ban_users=True,
			invite_users=True,
			pin_messages=True,
			add_admins=True,
			anonymous=False,
			manage_call=True,
			other=True,
			manage_topics=True,
			post_stories=True,
			edit_stories=True,
			delete_stories=True
		),
		can_edit=False,
		is_self=True,
		inviter_id=6444305696,
		rank=None
	),
	invite=None
)
UpdateChannelParticipant(
	channel_id=3784801715,
	date=datetime.datetime(2026, 1, 28, 11, 33, 50, tzinfo=datetime.timezone.utc),
	actor_id=1466321427,
	user_id=1083015722,
	qts=184255240,
	via_chatlist=False,
	prev_participant=None,
	new_participant=ChannelParticipantAdmin(
		user_id=1083015722,
		promoted_by=1466321427,
		date=datetime.datetime(2026, 1, 28, 11, 33, 50, tzinfo=datetime.timezone.utc),
		admin_rights=ChatAdminRights(
			change_info=True,
			post_messages=False,
			edit_messages=False,
			delete_messages=True,
			ban_users=False,
			invite_users=False,
			pin_messages=True,
			add_admins=False,
			anonymous=False,
			manage_call=False,
			other=True,
			manage_topics=True,
			post_stories=False,
			edit_stories=False,
			delete_stories=False
		),
		can_edit=False,
		is_self=True,
		inviter_id=1466321427,
		rank=None
	),
	invite=None
)
UpdateChannelParticipant(
	channel_id=3784801715,
	date=datetime.datetime(2026, 1, 28, 11, 38, 16, tzinfo=datetime.timezone.utc),
	actor_id=1466321427,
	user_id=1083015722,
	qts=0,
	via_chatlist=False,
	prev_participant=ChannelParticipantAdmin(
		user_id=1083015722,
		promoted_by=1466321427,
		date=datetime.datetime(2026, 1, 28, 11, 33, 50, tzinfo=datetime.timezone.utc),
		admin_rights=ChatAdminRights(
			change_info=True,
			post_messages=False,
			edit_messages=False,
			delete_messages=True,
			ban_users=False,
			invite_users=False,
			pin_messages=True,
			add_admins=False,
			anonymous=False,
			manage_call=False,
			other=True,
			manage_topics=True,
			post_stories=False,
			edit_stories=False,
			delete_stories=False
		),
		can_edit=False,
		is_self=True,
		inviter_id=1466321427,
		rank=None
	),
	new_participant=ChannelParticipantAdmin(
		user_id=1083015722,
		promoted_by=1466321427,
		date=datetime.datetime(2026, 1, 28, 11, 38, 16, tzinfo=datetime.timezone.utc),
		admin_rights=ChatAdminRights(
			change_info=True,
			post_messages=False,
			edit_messages=False,
			delete_messages=True,
			ban_users=True,
			invite_users=True,
			pin_messages=True,
			add_admins=True,
			anonymous=False,
			manage_call=True,
			other=True,
			manage_topics=True,
			post_stories=True,
			edit_stories=True,
			delete_stories=True
		),
		can_edit=False,
		is_self=True,
		inviter_id=1466321427,
		rank=None
	),
	invite=None
)
UpdateChannelParticipant(
	channel_id=3784801715,
	date=datetime.datetime(2026, 1, 28, 11, 46, 46, tzinfo=datetime.timezone.utc),
	actor_id=1466321427,
	user_id=1083015722,
	qts=184255381,
	via_chatlist=False,
	prev_participant=ChannelParticipantAdmin(
		user_id=1083015722,
		promoted_by=1466321427,
		date=datetime.datetime(2026, 1, 28, 11, 38, 16, tzinfo=datetime.timezone.utc),
		admin_rights=ChatAdminRights(
			change_info=True,
			post_messages=False,
			edit_messages=False,
			delete_messages=True,
			ban_users=True,
			invite_users=True,
			pin_messages=True,
			add_admins=True,
			anonymous=False,
			manage_call=True,
			other=True,
			manage_topics=True,
			post_stories=True,
			edit_stories=True,
			delete_stories=True
		),
		can_edit=False,
		is_self=True,
		inviter_id=1466321427,
		rank=None
	),
	new_participant=ChannelParticipantBanned(
		peer=PeerUser(
			user_id=1083015722
		),
		kicked_by=1466321427,
		date=datetime.datetime(2026, 1, 28, 11, 46, 46, tzinfo=datetime.timezone.utc),
		banned_rights=ChatBannedRights(
			until_date=datetime.datetime(2038, 1, 19, 3, 14, 7, tzinfo=datetime.timezone.utc),
			view_messages=True,
			send_messages=True,
			send_media=True,
			send_stickers=True,
			send_gifs=True,
			send_games=True,
			send_inline=True,
			embed_links=True,
			send_polls=True,
			change_info=True,
			invite_users=True,
			pin_messages=True,
			manage_topics=True,
			send_photos=True,
			send_videos=True,
			send_roundvideos=True,
			send_audios=True,
			send_voices=True,
			send_docs=True,
			send_plain=True
		),
		left=True
	),
	invite=None
)
UpdateChannelParticipant(
	channel_id=1979290085,
	date=datetime.datetime(2026, 1, 30, 4, 32, 26, tzinfo=datetime.timezone.utc),
	actor_id=5925556100,
	user_id=1083015722,
	qts=184270030,
	via_chatlist=False,
	prev_participant=None,
	new_participant=ChannelParticipantAdmin(
		user_id=1083015722,
		promoted_by=5925556100,
		date=datetime.datetime(2026, 1, 30, 4, 32, 26, tzinfo=datetime.timezone.utc),
		admin_rights=ChatAdminRights(
			change_info=False,
			post_messages=False,
			edit_messages=False,
			delete_messages=True,
			ban_users=False,
			invite_users=False,
			pin_messages=False,
			add_admins=False,
			anonymous=False,
			manage_call=False,
			other=True,
			manage_topics=False,
			post_stories=False,
			edit_stories=False,
			delete_stories=False
		),
		can_edit=False,
		is_self=True,
		inviter_id=5925556100,
		rank=None
	),
	invite=None
)
UpdateChannelParticipant(
	channel_id=1979290085,
	date=datetime.datetime(2026, 1, 30, 4, 32, 57, tzinfo=datetime.timezone.utc),
	actor_id=5925556100,
	user_id=1083015722,
	qts=0,
	via_chatlist=False,
	prev_participant=ChannelParticipantAdmin(
		user_id=1083015722,
		promoted_by=5925556100,
		date=datetime.datetime(2026, 1, 30, 4, 32, 26, tzinfo=datetime.timezone.utc),
		admin_rights=ChatAdminRights(
			change_info=False,
			post_messages=False,
			edit_messages=False,
			delete_messages=True,
			ban_users=False,
			invite_users=False,
			pin_messages=False,
			add_admins=False,
			anonymous=False,
			manage_call=False,
			other=True,
			manage_topics=False,
			post_stories=False,
			edit_stories=False,
			delete_stories=False
		),
		can_edit=False,
		is_self=True,
		inviter_id=5925556100,
		rank=None
	),
	new_participant=ChannelParticipantAdmin(
		user_id=1083015722,
		promoted_by=5925556100,
		date=datetime.datetime(2026, 1, 30, 4, 32, 26, tzinfo=datetime.timezone.utc),
		admin_rights=ChatAdminRights(
			change_info=False,
			post_messages=False,
			edit_messages=False,
			delete_messages=False,
			ban_users=False,
			invite_users=False,
			pin_messages=False,
			add_admins=False,
			anonymous=False,
			manage_call=False,
			other=True,
			manage_topics=False,
			post_stories=True,
			edit_stories=False,
			delete_stories=False
		),
		can_edit=False,
		is_self=True,
		inviter_id=5925556100,
		rank=None
	),
	invite=None
)
UpdateChannelParticipant(
	channel_id=1979290085,
	date=datetime.datetime(2026, 1, 30, 4, 33, 32, tzinfo=datetime.timezone.utc),
	actor_id=5925556100,
	user_id=1083015722,
	qts=184270034,
	via_chatlist=False,
	prev_participant=ChannelParticipantAdmin(
		user_id=1083015722,
		promoted_by=5925556100,
		date=datetime.datetime(2026, 1, 30, 4, 32, 26, tzinfo=datetime.timezone.utc),
		admin_rights=ChatAdminRights(
			change_info=False,
			post_messages=False,
			edit_messages=False,
			delete_messages=False,
			ban_users=False,
			invite_users=False,
			pin_messages=False,
			add_admins=False,
			anonymous=False,
			manage_call=False,
			other=True,
			manage_topics=False,
			post_stories=True,
			edit_stories=False,
			delete_stories=False
		),
		can_edit=False,
		is_self=True,
		inviter_id=5925556100,
		rank=None
	),
	new_participant=ChannelParticipantSelf(
		user_id=1083015722,
		inviter_id=5925556100,
		date=datetime.datetime(2026, 1, 30, 4, 33, 32, tzinfo=datetime.timezone.utc),
		via_request=False,
		subscription_until_date=None
	),
	invite=None
)
UpdateChannelParticipant(
	channel_id=1979290085,
	date=datetime.datetime(2026, 1, 30, 4, 35, 26, tzinfo=datetime.timezone.utc),
	actor_id=5925556100,
	user_id=1083015722,
	qts=0,
	via_chatlist=False,
	prev_participant=ChannelParticipantSelf(
		user_id=1083015722,
		inviter_id=5925556100,
		date=datetime.datetime(2026, 1, 30, 4, 33, 32, tzinfo=datetime.timezone.utc),
		via_request=False,
		subscription_until_date=None
	),
	new_participant=ChannelParticipantAdmin(
		user_id=1083015722,
		promoted_by=5925556100,
		date=datetime.datetime(2026, 1, 30, 4, 33, 32, tzinfo=datetime.timezone.utc),
		admin_rights=ChatAdminRights(
			change_info=False,
			post_messages=False,
			edit_messages=False,
			delete_messages=True,
			ban_users=False,
			invite_users=False,
			pin_messages=False,
			add_admins=False,
			anonymous=False,
			manage_call=False,
			other=True,
			manage_topics=False,
			post_stories=False,
			edit_stories=False,
			delete_stories=False
		),
		can_edit=False,
		is_self=True,
		inviter_id=5925556100,
		rank=None
	),
	invite=None
)
UpdateChannelParticipant(
	channel_id=1979290085,
	date=datetime.datetime(2026, 1, 30, 4, 36, 57, tzinfo=datetime.timezone.utc),
	actor_id=5925556100,
	user_id=1083015722,
	qts=184270044,
	via_chatlist=False,
	prev_participant=ChannelParticipantAdmin(
		user_id=1083015722,
		promoted_by=5925556100,
		date=datetime.datetime(2026, 1, 30, 4, 33, 32, tzinfo=datetime.timezone.utc),
		admin_rights=ChatAdminRights(
			change_info=False,
			post_messages=False,
			edit_messages=False,
			delete_messages=True,
			ban_users=False,
			invite_users=False,
			pin_messages=False,
			add_admins=False,
			anonymous=False,
			manage_call=False,
			other=True,
			manage_topics=False,
			post_stories=False,
			edit_stories=False,
			delete_stories=False
		),
		can_edit=False,
		is_self=True,
		inviter_id=5925556100,
		rank=None
	),
	new_participant=ChannelParticipantAdmin(
		user_id=1083015722,
		promoted_by=5925556100,
		date=datetime.datetime(2026, 1, 30, 4, 33, 32, tzinfo=datetime.timezone.utc),
		admin_rights=ChatAdminRights(
			change_info=False,
			post_messages=False,
			edit_messages=False,
			delete_messages=False,
			ban_users=False,
			invite_users=True,
			pin_messages=False,
			add_admins=False,
			anonymous=False,
			manage_call=False,
			other=True,
			manage_topics=False,
			post_stories=True,
			edit_stories=False,
			delete_stories=False
		),
		can_edit=False,
		is_self=True,
		inviter_id=5925556100,
		rank=None
	),
	invite=None
)
UpdateChannelParticipant(
	channel_id=3101774133,
	date=datetime.datetime(2026, 1, 30, 23, 12, 15, tzinfo=datetime.timezone.utc),
	actor_id=7359259914,
	user_id=1083015722,
	qts=184279494,
	via_chatlist=False,
	prev_participant=None,
	new_participant=ChannelParticipantAdmin(
		user_id=1083015722,
		promoted_by=7359259914,
		date=datetime.datetime(2026, 1, 30, 23, 12, 15, tzinfo=datetime.timezone.utc),
		admin_rights=ChatAdminRights(
			change_info=False,
			post_messages=False,
			edit_messages=False,
			delete_messages=True,
			ban_users=False,
			invite_users=False,
			pin_messages=False,
			add_admins=False,
			anonymous=False,
			manage_call=False,
			other=True,
			manage_topics=True,
			post_stories=False,
			edit_stories=False,
			delete_stories=False
		),
		can_edit=False,
		is_self=True,
		inviter_id=7359259914,
		rank='Вежливый'
	),
	invite=None
)
UpdateChannelParticipant(
	channel_id=3101774133,
	date=datetime.datetime(2026, 1, 30, 23, 14, 31, tzinfo=datetime.timezone.utc),
	actor_id=7359259914,
	user_id=1083015722,
	qts=184279495,
	via_chatlist=False,
	prev_participant=ChannelParticipantAdmin(
		user_id=1083015722,
		promoted_by=7359259914,
		date=datetime.datetime(2026, 1, 30, 23, 12, 15, tzinfo=datetime.timezone.utc),
		admin_rights=ChatAdminRights(
			change_info=False,
			post_messages=False,
			edit_messages=False,
			delete_messages=True,
			ban_users=False,
			invite_users=False,
			pin_messages=False,
			add_admins=False,
			anonymous=False,
			manage_call=False,
			other=True,
			manage_topics=True,
			post_stories=False,
			edit_stories=False,
			delete_stories=False
		),
		can_edit=False,
		is_self=True,
		inviter_id=7359259914,
		rank='Вежливый'
	),
	new_participant=ChannelParticipantBanned(
		peer=PeerUser(
			user_id=1083015722
		),
		kicked_by=7359259914,
		date=datetime.datetime(2026, 1, 30, 23, 14, 31, tzinfo=datetime.timezone.utc),
		banned_rights=ChatBannedRights(
			until_date=datetime.datetime(2038, 1, 19, 3, 14, 7, tzinfo=datetime.timezone.utc),
			view_messages=True,
			send_messages=True,
			send_media=True,
			send_stickers=True,
			send_gifs=True,
			send_games=True,
			send_inline=True,
			embed_links=True,
			send_polls=True,
			change_info=True,
			invite_users=True,
			pin_messages=True,
			manage_topics=True,
			send_photos=True,
			send_videos=True,
			send_roundvideos=True,
			send_audios=True,
			send_voices=True,
			send_docs=True,
			send_plain=True
		),
		left=True
	),
	invite=None
)
UpdateChannelParticipant(
	channel_id=2912891161,
	date=datetime.datetime(2026, 2, 1, 11, 37, 52, tzinfo=datetime.timezone.utc),
	actor_id=329545384,
	user_id=1083015722,
	qts=184293484,
	via_chatlist=False,
	prev_participant=None,
	new_participant=ChannelParticipantSelf(
		user_id=1083015722,
		inviter_id=329545384,
		date=datetime.datetime(2026, 2, 1, 11, 37, 52, tzinfo=datetime.timezone.utc),
		via_request=False,
		subscription_until_date=None
	),
	invite=None
)
UpdateChannelParticipant(
	channel_id=3837063761,
	date=datetime.datetime(2026, 2, 3, 12, 10, 17, tzinfo=datetime.timezone.utc),
	actor_id=912260951,
	user_id=1083015722,
	qts=0,
	via_chatlist=False,
	prev_participant=None,
	new_participant=ChannelParticipantSelf(
		user_id=1083015722,
		inviter_id=912260951,
		date=datetime.datetime(2026, 2, 3, 12, 10, 17, tzinfo=datetime.timezone.utc),
		via_request=False,
		subscription_until_date=None
	),
	invite=None
)
UpdateChannelParticipant(
	channel_id=3837063761,
	date=datetime.datetime(2026, 2, 3, 12, 10, 18, tzinfo=datetime.timezone.utc),
	actor_id=912260951,
	user_id=1083015722,
	qts=184313028,
	via_chatlist=False,
	prev_participant=ChannelParticipantSelf(
		user_id=1083015722,
		inviter_id=912260951,
		date=datetime.datetime(2026, 2, 3, 12, 10, 17, tzinfo=datetime.timezone.utc),
		via_request=False,
		subscription_until_date=None
	),
	new_participant=ChannelParticipantAdmin(
		user_id=1083015722,
		promoted_by=912260951,
		date=datetime.datetime(2026, 2, 3, 12, 10, 17, tzinfo=datetime.timezone.utc),
		admin_rights=ChatAdminRights(
			change_info=True,
			post_messages=False,
			edit_messages=False,
			delete_messages=True,
			ban_users=False,
			invite_users=False,
			pin_messages=True,
			add_admins=False,
			anonymous=False,
			manage_call=False,
			other=True,
			manage_topics=False,
			post_stories=False,
			edit_stories=False,
			delete_stories=False
		),
		can_edit=False,
		is_self=True,
		inviter_id=912260951,
		rank=None
	),
	invite=None
)
UpdateChannelParticipant(
	channel_id=3837063761,
	date=datetime.datetime(2026, 2, 3, 12, 10, 54, tzinfo=datetime.timezone.utc),
	actor_id=912260951,
	user_id=1083015722,
	qts=184313039,
	via_chatlist=False,
	prev_participant=ChannelParticipantBanned(
		peer=PeerUser(
			user_id=1083015722
		),
		kicked_by=912260951,
		date=datetime.datetime(2026, 2, 3, 12, 10, 30, tzinfo=datetime.timezone.utc),
		banned_rights=ChatBannedRights(
			until_date=datetime.datetime(2038, 1, 19, 3, 14, 7, tzinfo=datetime.timezone.utc),
			view_messages=True,
			send_messages=True,
			send_media=True,
			send_stickers=True,
			send_gifs=True,
			send_games=True,
			send_inline=True,
			embed_links=True,
			send_polls=True,
			change_info=True,
			invite_users=True,
			pin_messages=True,
			manage_topics=True,
			send_photos=True,
			send_videos=True,
			send_roundvideos=True,
			send_audios=True,
			send_voices=True,
			send_docs=True,
			send_plain=True
		),
		left=True
	),
	new_participant=ChannelParticipantAdmin(
		user_id=1083015722,
		promoted_by=912260951,
		date=datetime.datetime(2026, 2, 3, 12, 10, 54, tzinfo=datetime.timezone.utc),
		admin_rights=ChatAdminRights(
			change_info=True,
			post_messages=False,
			edit_messages=False,
			delete_messages=True,
			ban_users=True,
			invite_users=False,
			pin_messages=True,
			add_admins=False,
			anonymous=False,
			manage_call=False,
			other=True,
			manage_topics=False,
			post_stories=False,
			edit_stories=False,
			delete_stories=False
		),
		can_edit=False,
		is_self=True,
		inviter_id=912260951,
		rank=None
	),
	invite=None
)
UpdateChannelParticipant(
	channel_id=3837063761,
	date=datetime.datetime(2026, 2, 3, 12, 15, 10, tzinfo=datetime.timezone.utc),
	actor_id=912260951,
	user_id=1083015722,
	qts=184313080,
	via_chatlist=False,
	prev_participant=ChannelParticipantAdmin(
		user_id=1083015722,
		promoted_by=912260951,
		date=datetime.datetime(2026, 2, 3, 12, 10, 54, tzinfo=datetime.timezone.utc),
		admin_rights=ChatAdminRights(
			change_info=True,
			post_messages=False,
			edit_messages=False,
			delete_messages=True,
			ban_users=True,
			invite_users=False,
			pin_messages=True,
			add_admins=False,
			anonymous=False,
			manage_call=False,
			other=True,
			manage_topics=False,
			post_stories=False,
			edit_stories=False,
			delete_stories=False
		),
		can_edit=False,
		is_self=True,
		inviter_id=912260951,
		rank=None
	),
	new_participant=ChannelParticipantBanned(
		peer=PeerUser(
			user_id=1083015722
		),
		kicked_by=912260951,
		date=datetime.datetime(2026, 2, 3, 12, 15, 10, tzinfo=datetime.timezone.utc),
		banned_rights=ChatBannedRights(
			until_date=datetime.datetime(2038, 1, 19, 3, 14, 7, tzinfo=datetime.timezone.utc),
			view_messages=True,
			send_messages=True,
			send_media=True,
			send_stickers=True,
			send_gifs=True,
			send_games=True,
			send_inline=True,
			embed_links=True,
			send_polls=True,
			change_info=True,
			invite_users=True,
			pin_messages=True,
			manage_topics=True,
			send_photos=True,
			send_videos=True,
			send_roundvideos=True,
			send_audios=True,
			send_voices=True,
			send_docs=True,
			send_plain=True
		),
		left=True
	),
	invite=None
)
UpdateChannelParticipant(
	channel_id=3837063761,
	date=datetime.datetime(2026, 2, 3, 12, 15, 32, tzinfo=datetime.timezone.utc),
	actor_id=912260951,
	user_id=1083015722,
	qts=184313086,
	via_chatlist=False,
	prev_participant=ChannelParticipantBanned(
		peer=PeerUser(
			user_id=1083015722
		),
		kicked_by=912260951,
		date=datetime.datetime(2026, 2, 3, 12, 15, 10, tzinfo=datetime.timezone.utc),
		banned_rights=ChatBannedRights(
			until_date=datetime.datetime(2038, 1, 19, 3, 14, 7, tzinfo=datetime.timezone.utc),
			view_messages=True,
			send_messages=True,
			send_media=True,
			send_stickers=True,
			send_gifs=True,
			send_games=True,
			send_inline=True,
			embed_links=True,
			send_polls=True,
			change_info=True,
			invite_users=True,
			pin_messages=True,
			manage_topics=True,
			send_photos=True,
			send_videos=True,
			send_roundvideos=True,
			send_audios=True,
			send_voices=True,
			send_docs=True,
			send_plain=True
		),
		left=True
	),
	new_participant=ChannelParticipantAdmin(
		user_id=1083015722,
		promoted_by=912260951,
		date=datetime.datetime(2026, 2, 3, 12, 15, 31, tzinfo=datetime.timezone.utc),
		admin_rights=ChatAdminRights(
			change_info=True,
			post_messages=False,
			edit_messages=False,
			delete_messages=True,
			ban_users=False,
			invite_users=False,
			pin_messages=True,
			add_admins=False,
			anonymous=False,
			manage_call=False,
			other=True,
			manage_topics=False,
			post_stories=False,
			edit_stories=False,
			delete_stories=False
		),
		can_edit=False,
		is_self=True,
		inviter_id=912260951,
		rank=None
	),
	invite=None
)
UpdateChannelParticipant(
	channel_id=1512786455,
	date=datetime.datetime(2026, 2, 8, 15, 0, 3, tzinfo=datetime.timezone.utc),
	actor_id=1857458031,
	user_id=1083015722,
	qts=184359017,
	via_chatlist=False,
	prev_participant=ChannelParticipantAdmin(
		user_id=1083015722,
		promoted_by=1857458031,
		date=datetime.datetime(2022, 11, 30, 19, 27, 48, tzinfo=datetime.timezone.utc),
		admin_rights=ChatAdminRights(
			change_info=True,
			post_messages=False,
			edit_messages=False,
			delete_messages=True,
			ban_users=True,
			invite_users=True,
			pin_messages=True,
			add_admins=False,
			anonymous=False,
			manage_call=True,
			other=True,
			manage_topics=False,
			post_stories=True,
			edit_stories=True,
			delete_stories=True
		),
		can_edit=False,
		is_self=True,
		inviter_id=157273509,
		rank=None
	),
	new_participant=ChannelParticipantBanned(
		peer=PeerUser(
			user_id=1083015722
		),
		kicked_by=1857458031,
		date=datetime.datetime(2026, 2, 8, 15, 0, 3, tzinfo=datetime.timezone.utc),
		banned_rights=ChatBannedRights(
			until_date=datetime.datetime(2038, 1, 19, 3, 14, 7, tzinfo=datetime.timezone.utc),
			view_messages=True,
			send_messages=True,
			send_media=True,
			send_stickers=True,
			send_gifs=True,
			send_games=True,
			send_inline=True,
			embed_links=True,
			send_polls=True,
			change_info=True,
			invite_users=True,
			pin_messages=True,
			manage_topics=True,
			send_photos=True,
			send_videos=True,
			send_roundvideos=True,
			send_audios=True,
			send_voices=True,
			send_docs=True,
			send_plain=True
		),
		left=True
	),
	invite=None
)
UpdateChannelParticipant(
	channel_id=1512786455,
	date=datetime.datetime(2026, 2, 8, 15, 42, 36, tzinfo=datetime.timezone.utc),
	actor_id=157273509,
	user_id=1083015722,
	qts=184359334,
	via_chatlist=False,
	prev_participant=None,
	new_participant=ChannelParticipantBanned(
		peer=PeerUser(
			user_id=1083015722
		),
		kicked_by=1857458031,
		date=datetime.datetime(2022, 11, 30, 13, 59, 45, tzinfo=datetime.timezone.utc),
		banned_rights=ChatBannedRights(
			until_date=datetime.datetime(2038, 1, 19, 3, 14, 7, tzinfo=datetime.timezone.utc),
			view_messages=False,
			send_messages=False,
			send_media=False,
			send_stickers=False,
			send_gifs=False,
			send_games=False,
			send_inline=False,
			embed_links=False,
			send_polls=False,
			change_info=False,
			invite_users=False,
			pin_messages=False,
			manage_topics=False,
			send_photos=False,
			send_videos=False,
			send_roundvideos=False,
			send_audios=False,
			send_voices=False,
			send_docs=False,
			send_plain=False
		),
		left=False
	),
	invite=None
)
UpdateChannelParticipant(
	channel_id=1512786455,
	date=datetime.datetime(2026, 2, 8, 16, 15, 19, tzinfo=datetime.timezone.utc),
	actor_id=1857458031,
	user_id=1083015722,
	qts=184359615,
	via_chatlist=False,
	prev_participant=ChannelParticipantBanned(
		peer=PeerUser(
			user_id=1083015722
		),
		kicked_by=1857458031,
		date=datetime.datetime(2022, 11, 30, 13, 59, 45, tzinfo=datetime.timezone.utc),
		banned_rights=ChatBannedRights(
			until_date=datetime.datetime(2038, 1, 19, 3, 14, 7, tzinfo=datetime.timezone.utc),
			view_messages=False,
			send_messages=False,
			send_media=False,
			send_stickers=False,
			send_gifs=False,
			send_games=False,
			send_inline=False,
			embed_links=False,
			send_polls=False,
			change_info=False,
			invite_users=False,
			pin_messages=False,
			manage_topics=False,
			send_photos=False,
			send_videos=False,
			send_roundvideos=False,
			send_audios=False,
			send_voices=False,
			send_docs=False,
			send_plain=False
		),
		left=False
	),
	new_participant=ChannelParticipantAdmin(
		user_id=1083015722,
		promoted_by=1857458031,
		date=datetime.datetime(2026, 2, 8, 15, 42, 36, tzinfo=datetime.timezone.utc),
		admin_rights=ChatAdminRights(
			change_info=True,
			post_messages=False,
			edit_messages=False,
			delete_messages=True,
			ban_users=True,
			invite_users=True,
			pin_messages=True,
			add_admins=False,
			anonymous=False,
			manage_call=True,
			other=True,
			manage_topics=False,
			post_stories=True,
			edit_stories=True,
			delete_stories=True
		),
		can_edit=False,
		is_self=True,
		inviter_id=157273509,
		rank=None
	),
	invite=None
)
UpdateChannelParticipant(
	channel_id=1512786455,
	date=datetime.datetime(2026, 2, 8, 16, 19, 43, tzinfo=datetime.timezone.utc),
	actor_id=157273509,
	user_id=1083015722,
	qts=184359661,
	via_chatlist=False,
	prev_participant=None,
	new_participant=ChannelParticipantSelf(
		user_id=1083015722,
		inviter_id=157273509,
		date=datetime.datetime(2026, 2, 8, 16, 19, 43, tzinfo=datetime.timezone.utc),
		via_request=False,
		subscription_until_date=None
	),
	invite=None
)
UpdateChannelParticipant(
	channel_id=1512786455,
	date=datetime.datetime(2026, 2, 8, 16, 25, 35, tzinfo=datetime.timezone.utc),
	actor_id=1857458031,
	user_id=1083015722,
	qts=184359736,
	via_chatlist=False,
	prev_participant=ChannelParticipantSelf(
		user_id=1083015722,
		inviter_id=157273509,
		date=datetime.datetime(2026, 2, 8, 16, 19, 43, tzinfo=datetime.timezone.utc),
		via_request=False,
		subscription_until_date=None
	),
	new_participant=ChannelParticipantAdmin(
		user_id=1083015722,
		promoted_by=1857458031,
		date=datetime.datetime(2026, 2, 8, 16, 19, 43, tzinfo=datetime.timezone.utc),
		admin_rights=ChatAdminRights(
			change_info=True,
			post_messages=False,
			edit_messages=False,
			delete_messages=True,
			ban_users=True,
			invite_users=True,
			pin_messages=True,
			add_admins=False,
			anonymous=False,
			manage_call=True,
			other=True,
			manage_topics=False,
			post_stories=True,
			edit_stories=True,
			delete_stories=True
		),
		can_edit=False,
		is_self=True,
		inviter_id=157273509,
		rank=None
	),
	invite=None
)
UpdateChannelParticipant(
	channel_id=1127504756,
	date=datetime.datetime(2026, 2, 10, 11, 29, 17, tzinfo=datetime.timezone.utc),
	actor_id=245765733,
	user_id=1083015722,
	qts=184376444,
	via_chatlist=False,
	prev_participant=ChannelParticipantAdmin(
		user_id=1083015722,
		promoted_by=245765733,
		date=datetime.datetime(2023, 9, 30, 19, 58, 40, tzinfo=datetime.timezone.utc),
		admin_rights=ChatAdminRights(
			change_info=True,
			post_messages=False,
			edit_messages=False,
			delete_messages=True,
			ban_users=True,
			invite_users=True,
			pin_messages=True,
			add_admins=False,
			anonymous=False,
			manage_call=True,
			other=True,
			manage_topics=True,
			post_stories=True,
			edit_stories=True,
			delete_stories=True
		),
		can_edit=False,
		is_self=True,
		inviter_id=245765733,
		rank=None
	),
	new_participant=ChannelParticipantAdmin(
		user_id=1083015722,
		promoted_by=245765733,
		date=datetime.datetime(2023, 9, 30, 19, 58, 40, tzinfo=datetime.timezone.utc),
		admin_rights=ChatAdminRights(
			change_info=True,
			post_messages=False,
			edit_messages=False,
			delete_messages=True,
			ban_users=True,
			invite_users=True,
			pin_messages=False,
			add_admins=False,
			anonymous=False,
			manage_call=False,
			other=True,
			manage_topics=True,
			post_stories=False,
			edit_stories=False,
			delete_stories=False
		),
		can_edit=False,
		is_self=True,
		inviter_id=245765733,
		rank=None
	),
	invite=None
)
UpdateChannelParticipant(
	channel_id=3584654701,
	date=datetime.datetime(2026, 2, 10, 11, 53, 45, tzinfo=datetime.timezone.utc),
	actor_id=6462389106,
	user_id=1083015722,
	qts=184376597,
	via_chatlist=False,
	prev_participant=None,
	new_participant=ChannelParticipantSelf(
		user_id=1083015722,
		inviter_id=6462389106,
		date=datetime.datetime(2026, 2, 10, 11, 53, 44, tzinfo=datetime.timezone.utc),
		via_request=False,
		subscription_until_date=None
	),
	invite=None
)
UpdateChannelParticipant(
	channel_id=2138317999,
	date=datetime.datetime(2026, 2, 11, 9, 14, 32, tzinfo=datetime.timezone.utc),
	actor_id=5683475209,
	user_id=1083015722,
	qts=184385158,
	via_chatlist=False,
	prev_participant=None,
	new_participant=ChannelParticipantAdmin(
		user_id=1083015722,
		promoted_by=5683475209,
		date=datetime.datetime(2026, 2, 11, 9, 14, 32, tzinfo=datetime.timezone.utc),
		admin_rights=ChatAdminRights(
			change_info=False,
			post_messages=False,
			edit_messages=False,
			delete_messages=True,
			ban_users=False,
			invite_users=False,
			pin_messages=False,
			add_admins=False,
			anonymous=False,
			manage_call=False,
			other=True,
			manage_topics=True,
			post_stories=False,
			edit_stories=False,
			delete_stories=False
		),
		can_edit=False,
		is_self=True,
		inviter_id=5683475209,
		rank=None
	),
	invite=None
)
UpdateChannelParticipant(
	channel_id=2138317999,
	date=datetime.datetime(2026, 2, 11, 9, 15, 16, tzinfo=datetime.timezone.utc),
	actor_id=5683475209,
	user_id=1083015722,
	qts=0,
	via_chatlist=False,
	prev_participant=ChannelParticipantAdmin(
		user_id=1083015722,
		promoted_by=5683475209,
		date=datetime.datetime(2026, 2, 11, 9, 14, 32, tzinfo=datetime.timezone.utc),
		admin_rights=ChatAdminRights(
			change_info=False,
			post_messages=False,
			edit_messages=False,
			delete_messages=True,
			ban_users=False,
			invite_users=False,
			pin_messages=False,
			add_admins=False,
			anonymous=False,
			manage_call=False,
			other=True,
			manage_topics=True,
			post_stories=False,
			edit_stories=False,
			delete_stories=False
		),
		can_edit=False,
		is_self=True,
		inviter_id=5683475209,
		rank=None
	),
	new_participant=ChannelParticipantAdmin(
		user_id=1083015722,
		promoted_by=5683475209,
		date=datetime.datetime(2026, 2, 11, 9, 15, 16, tzinfo=datetime.timezone.utc),
		admin_rights=ChatAdminRights(
			change_info=True,
			post_messages=False,
			edit_messages=False,
			delete_messages=True,
			ban_users=True,
			invite_users=True,
			pin_messages=True,
			add_admins=False,
			anonymous=False,
			manage_call=True,
			other=True,
			manage_topics=True,
			post_stories=True,
			edit_stories=True,
			delete_stories=True
		),
		can_edit=False,
		is_self=True,
		inviter_id=5683475209,
		rank=None
	),
	invite=None
)
UpdateChannelParticipant(
	channel_id=1127504756,
	date=datetime.datetime(2026, 2, 11, 9, 49, 49, tzinfo=datetime.timezone.utc),
	actor_id=245765733,
	user_id=1083015722,
	qts=184385471,
	via_chatlist=False,
	prev_participant=ChannelParticipantAdmin(
		user_id=1083015722,
		promoted_by=245765733,
		date=datetime.datetime(2023, 9, 30, 19, 58, 40, tzinfo=datetime.timezone.utc),
		admin_rights=ChatAdminRights(
			change_info=True,
			post_messages=False,
			edit_messages=False,
			delete_messages=True,
			ban_users=True,
			invite_users=True,
			pin_messages=False,
			add_admins=False,
			anonymous=False,
			manage_call=False,
			other=True,
			manage_topics=True,
			post_stories=False,
			edit_stories=False,
			delete_stories=False
		),
		can_edit=False,
		is_self=True,
		inviter_id=245765733,
		rank=None
	),
	new_participant=ChannelParticipantSelf(
		user_id=1083015722,
		inviter_id=245765733,
		date=datetime.datetime(2026, 2, 11, 9, 49, 49, tzinfo=datetime.timezone.utc),
		via_request=False,
		subscription_until_date=None
	),
	invite=None
)
UpdateChannelParticipant(
	channel_id=1530677654,
	date=datetime.datetime(2026, 2, 11, 19, 48, 45, tzinfo=datetime.timezone.utc),
	actor_id=388684760,
	user_id=1083015722,
	qts=184389691,
	via_chatlist=False,
	prev_participant=ChannelParticipantAdmin(
		user_id=1083015722,
		promoted_by=388684760,
		date=datetime.datetime(2025, 12, 4, 16, 42, 23, tzinfo=datetime.timezone.utc),
		admin_rights=ChatAdminRights(
			change_info=False,
			post_messages=False,
			edit_messages=False,
			delete_messages=True,
			ban_users=False,
			invite_users=True,
			pin_messages=False,
			add_admins=False,
			anonymous=False,
			manage_call=False,
			other=True,
			manage_topics=True,
			post_stories=False,
			edit_stories=False,
			delete_stories=False
		),
		can_edit=False,
		is_self=True,
		inviter_id=691456986,
		rank='Здарова-бот'
	),
	new_participant=ChannelParticipantBanned(
		peer=PeerUser(
			user_id=1083015722
		),
		kicked_by=388684760,
		date=datetime.datetime(2026, 2, 11, 19, 48, 45, tzinfo=datetime.timezone.utc),
		banned_rights=ChatBannedRights(
			until_date=datetime.datetime(2038, 1, 19, 3, 14, 7, tzinfo=datetime.timezone.utc),
			view_messages=True,
			send_messages=True,
			send_media=True,
			send_stickers=True,
			send_gifs=True,
			send_games=True,
			send_inline=True,
			embed_links=True,
			send_polls=True,
			change_info=True,
			invite_users=True,
			pin_messages=True,
			manage_topics=True,
			send_photos=True,
			send_videos=True,
			send_roundvideos=True,
			send_audios=True,
			send_voices=True,
			send_docs=True,
			send_plain=True
		),
		left=True
	),
	invite=None
)
UpdateChannelParticipant(
	channel_id=3554346272,
	date=datetime.datetime(2026, 2, 12, 3, 42, 13, tzinfo=datetime.timezone.utc),
	actor_id=747362141,
	user_id=1083015722,
	qts=184390985,
	via_chatlist=False,
	prev_participant=None,
	new_participant=ChannelParticipantAdmin(
		user_id=1083015722,
		promoted_by=747362141,
		date=datetime.datetime(2026, 2, 12, 3, 42, 13, tzinfo=datetime.timezone.utc),
		admin_rights=ChatAdminRights(
			change_info=True,
			post_messages=False,
			edit_messages=False,
			delete_messages=True,
			ban_users=False,
			invite_users=False,
			pin_messages=True,
			add_admins=False,
			anonymous=False,
			manage_call=False,
			other=True,
			manage_topics=False,
			post_stories=False,
			edit_stories=False,
			delete_stories=False
		),
		can_edit=False,
		is_self=True,
		inviter_id=747362141,
		rank=None
	),
	invite=None
)
UpdateChannelParticipant(
	channel_id=3554346272,
	date=datetime.datetime(2026, 2, 12, 3, 48, 27, tzinfo=datetime.timezone.utc),
	actor_id=747362141,
	user_id=1083015722,
	qts=184391006,
	via_chatlist=False,
	prev_participant=ChannelParticipantAdmin(
		user_id=1083015722,
		promoted_by=747362141,
		date=datetime.datetime(2026, 2, 12, 3, 42, 13, tzinfo=datetime.timezone.utc),
		admin_rights=ChatAdminRights(
			change_info=True,
			post_messages=False,
			edit_messages=False,
			delete_messages=True,
			ban_users=False,
			invite_users=False,
			pin_messages=True,
			add_admins=False,
			anonymous=False,
			manage_call=False,
			other=True,
			manage_topics=False,
			post_stories=False,
			edit_stories=False,
			delete_stories=False
		),
		can_edit=False,
		is_self=True,
		inviter_id=747362141,
		rank=None
	),
	new_participant=ChannelParticipantAdmin(
		user_id=1083015722,
		promoted_by=747362141,
		date=datetime.datetime(2026, 2, 12, 3, 42, 13, tzinfo=datetime.timezone.utc),
		admin_rights=ChatAdminRights(
			change_info=True,
			post_messages=False,
			edit_messages=False,
			delete_messages=True,
			ban_users=False,
			invite_users=False,
			pin_messages=True,
			add_admins=False,
			anonymous=False,
			manage_call=False,
			other=True,
			manage_topics=True,
			post_stories=False,
			edit_stories=False,
			delete_stories=False
		),
		can_edit=False,
		is_self=True,
		inviter_id=747362141,
		rank=None
	),
	invite=None
)
UpdateChannelParticipant(
	channel_id=3554346272,
	date=datetime.datetime(2026, 2, 12, 4, 8, 19, tzinfo=datetime.timezone.utc),
	actor_id=747362141,
	user_id=1083015722,
	qts=184391071,
	via_chatlist=False,
	prev_participant=ChannelParticipantAdmin(
		user_id=1083015722,
		promoted_by=747362141,
		date=datetime.datetime(2026, 2, 12, 3, 42, 13, tzinfo=datetime.timezone.utc),
		admin_rights=ChatAdminRights(
			change_info=True,
			post_messages=False,
			edit_messages=False,
			delete_messages=True,
			ban_users=False,
			invite_users=False,
			pin_messages=True,
			add_admins=False,
			anonymous=False,
			manage_call=False,
			other=True,
			manage_topics=True,
			post_stories=False,
			edit_stories=False,
			delete_stories=False
		),
		can_edit=False,
		is_self=True,
		inviter_id=747362141,
		rank=None
	),
	new_participant=ChannelParticipantSelf(
		user_id=1083015722,
		inviter_id=747362141,
		date=datetime.datetime(2026, 2, 12, 4, 8, 19, tzinfo=datetime.timezone.utc),
		via_request=False,
		subscription_until_date=None
	),
	invite=None
)
UpdateChannelParticipant(
	channel_id=3554346272,
	date=datetime.datetime(2026, 2, 12, 4, 8, 50, tzinfo=datetime.timezone.utc),
	actor_id=747362141,
	user_id=1083015722,
	qts=0,
	via_chatlist=False,
	prev_participant=ChannelParticipantSelf(
		user_id=1083015722,
		inviter_id=747362141,
		date=datetime.datetime(2026, 2, 12, 4, 8, 19, tzinfo=datetime.timezone.utc),
		via_request=False,
		subscription_until_date=None
	),
	new_participant=ChannelParticipantAdmin(
		user_id=1083015722,
		promoted_by=747362141,
		date=datetime.datetime(2026, 2, 12, 4, 8, 19, tzinfo=datetime.timezone.utc),
		admin_rights=ChatAdminRights(
			change_info=True,
			post_messages=False,
			edit_messages=False,
			delete_messages=True,
			ban_users=False,
			invite_users=False,
			pin_messages=True,
			add_admins=False,
			anonymous=False,
			manage_call=False,
			other=True,
			manage_topics=True,
			post_stories=False,
			edit_stories=False,
			delete_stories=False
		),
		can_edit=False,
		is_self=True,
		inviter_id=747362141,
		rank=None
	),
	invite=None
)
UpdateChannelParticipant(
	channel_id=2944451809,
	date=datetime.datetime(2026, 2, 12, 19, 6, 25, tzinfo=datetime.timezone.utc),
	actor_id=20008061,
	user_id=1083015722,
	qts=184397737,
	via_chatlist=False,
	prev_participant=ChannelParticipantAdmin(
		user_id=1083015722,
		promoted_by=20008061,
		date=datetime.datetime(2025, 10, 14, 18, 23, 28, tzinfo=datetime.timezone.utc),
		admin_rights=ChatAdminRights(
			change_info=False,
			post_messages=False,
			edit_messages=False,
			delete_messages=True,
			ban_users=False,
			invite_users=False,
			pin_messages=False,
			add_admins=False,
			anonymous=False,
			manage_call=False,
			other=True,
			manage_topics=True,
			post_stories=False,
			edit_stories=False,
			delete_stories=False
		),
		can_edit=False,
		is_self=True,
		inviter_id=20008061,
		rank=None
	),
	new_participant=ChannelParticipantSelf(
		user_id=1083015722,
		inviter_id=20008061,
		date=datetime.datetime(2026, 2, 12, 19, 6, 25, tzinfo=datetime.timezone.utc),
		via_request=False,
		subscription_until_date=None
	),
	invite=None
)
UpdateChannelParticipant(
	channel_id=2230562436,
	date=datetime.datetime(2026, 2, 13, 7, 44, 55, tzinfo=datetime.timezone.utc),
	actor_id=134273496,
	user_id=1083015722,
	qts=184400902,
	via_chatlist=False,
	prev_participant=ChannelParticipantAdmin(
		user_id=1083015722,
		promoted_by=134273496,
		date=datetime.datetime(2024, 6, 18, 9, 5, 27, tzinfo=datetime.timezone.utc),
		admin_rights=ChatAdminRights(
			change_info=True,
			post_messages=False,
			edit_messages=False,
			delete_messages=True,
			ban_users=True,
			invite_users=True,
			pin_messages=True,
			add_admins=False,
			anonymous=False,
			manage_call=True,
			other=True,
			manage_topics=True,
			post_stories=True,
			edit_stories=True,
			delete_stories=True
		),
		can_edit=False,
		is_self=True,
		inviter_id=134273496,
		rank=None
	),
	new_participant=ChannelParticipantSelf(
		user_id=1083015722,
		inviter_id=134273496,
		date=datetime.datetime(2026, 2, 13, 7, 44, 55, tzinfo=datetime.timezone.utc),
		via_request=False,
		subscription_until_date=None
	),
	invite=None
)
UpdateChannelParticipant(
	channel_id=3797778854,
	date=datetime.datetime(2026, 2, 15, 10, 3, 52, tzinfo=datetime.timezone.utc),
	actor_id=8599203343,
	user_id=1083015722,
	qts=184419346,
	via_chatlist=False,
	prev_participant=None,
	new_participant=ChannelParticipantAdmin(
		user_id=1083015722,
		promoted_by=8599203343,
		date=datetime.datetime(2026, 2, 15, 10, 3, 52, tzinfo=datetime.timezone.utc),
		admin_rights=ChatAdminRights(
			change_info=True,
			post_messages=False,
			edit_messages=False,
			delete_messages=True,
			ban_users=False,
			invite_users=False,
			pin_messages=True,
			add_admins=False,
			anonymous=False,
			manage_call=False,
			other=True,
			manage_topics=True,
			post_stories=False,
			edit_stories=False,
			delete_stories=False
		),
		can_edit=False,
		is_self=True,
		inviter_id=8599203343,
		rank='бот'
	),
	invite=None
)
UpdateChannelParticipant(
	channel_id=3797778854,
	date=datetime.datetime(2026, 2, 15, 11, 6, 42, tzinfo=datetime.timezone.utc),
	actor_id=8599203343,
	user_id=1083015722,
	qts=184419931,
	via_chatlist=False,
	prev_participant=ChannelParticipantBanned(
		peer=PeerUser(
			user_id=1083015722
		),
		kicked_by=8599203343,
		date=datetime.datetime(2026, 2, 15, 11, 6, 16, tzinfo=datetime.timezone.utc),
		banned_rights=ChatBannedRights(
			until_date=datetime.datetime(2038, 1, 19, 3, 14, 7, tzinfo=datetime.timezone.utc),
			view_messages=True,
			send_messages=True,
			send_media=True,
			send_stickers=True,
			send_gifs=True,
			send_games=True,
			send_inline=True,
			embed_links=True,
			send_polls=True,
			change_info=True,
			invite_users=True,
			pin_messages=True,
			manage_topics=True,
			send_photos=True,
			send_videos=True,
			send_roundvideos=True,
			send_audios=True,
			send_voices=True,
			send_docs=True,
			send_plain=True
		),
		left=True
	),
	new_participant=ChannelParticipantAdmin(
		user_id=1083015722,
		promoted_by=8599203343,
		date=datetime.datetime(2026, 2, 15, 11, 6, 42, tzinfo=datetime.timezone.utc),
		admin_rights=ChatAdminRights(
			change_info=True,
			post_messages=False,
			edit_messages=False,
			delete_messages=True,
			ban_users=False,
			invite_users=False,
			pin_messages=True,
			add_admins=False,
			anonymous=False,
			manage_call=False,
			other=True,
			manage_topics=True,
			post_stories=False,
			edit_stories=False,
			delete_stories=False
		),
		can_edit=False,
		is_self=True,
		inviter_id=8599203343,
		rank='.'
	),
	invite=None
)
UpdateChannelParticipant(
	channel_id=3365104122,
	date=datetime.datetime(2026, 2, 15, 11, 12, 41, tzinfo=datetime.timezone.utc),
	actor_id=134273496,
	user_id=1083015722,
	qts=0,
	via_chatlist=False,
	prev_participant=None,
	new_participant=ChannelParticipantAdmin(
		user_id=1083015722,
		promoted_by=134273496,
		date=datetime.datetime(2026, 2, 15, 11, 12, 41, tzinfo=datetime.timezone.utc),
		admin_rights=ChatAdminRights(
			change_info=False,
			post_messages=False,
			edit_messages=False,
			delete_messages=True,
			ban_users=False,
			invite_users=False,
			pin_messages=False,
			add_admins=False,
			anonymous=False,
			manage_call=False,
			other=True,
			manage_topics=False,
			post_stories=False,
			edit_stories=False,
			delete_stories=False
		),
		can_edit=False,
		is_self=True,
		inviter_id=134273496,
		rank=None
	),
	invite=None
)
UpdateChannelParticipant(
	channel_id=1595895218,
	date=datetime.datetime(2026, 2, 15, 13, 3, tzinfo=datetime.timezone.utc),
	actor_id=214264282,
	user_id=1083015722,
	qts=184421107,
	via_chatlist=False,
	prev_participant=ChannelParticipantAdmin(
		user_id=1083015722,
		promoted_by=214264282,
		date=datetime.datetime(2023, 4, 30, 19, 53, 53, tzinfo=datetime.timezone.utc),
		admin_rights=ChatAdminRights(
			change_info=True,
			post_messages=False,
			edit_messages=False,
			delete_messages=True,
			ban_users=True,
			invite_users=True,
			pin_messages=True,
			add_admins=False,
			anonymous=False,
			manage_call=True,
			other=True,
			manage_topics=False,
			post_stories=True,
			edit_stories=True,
			delete_stories=True
		),
		can_edit=False,
		is_self=True,
		inviter_id=214264282,
		rank=None
	),
	new_participant=ChannelParticipantSelf(
		user_id=1083015722,
		inviter_id=214264282,
		date=datetime.datetime(2026, 2, 15, 13, 3, tzinfo=datetime.timezone.utc),
		via_request=False,
		subscription_until_date=None
	),
	invite=None
)
UpdateChannelParticipant(
	channel_id=3181967671,
	date=datetime.datetime(2026, 2, 15, 13, 24, 6, tzinfo=datetime.timezone.utc),
	actor_id=6374391260,
	user_id=1083015722,
	qts=184421341,
	via_chatlist=False,
	prev_participant=None,
	new_participant=ChannelParticipantAdmin(
		user_id=1083015722,
		promoted_by=6374391260,
		date=datetime.datetime(2026, 2, 15, 13, 24, 6, tzinfo=datetime.timezone.utc),
		admin_rights=ChatAdminRights(
			change_info=False,
			post_messages=False,
			edit_messages=False,
			delete_messages=True,
			ban_users=False,
			invite_users=False,
			pin_messages=False,
			add_admins=False,
			anonymous=False,
			manage_call=False,
			other=True,
			manage_topics=True,
			post_stories=False,
			edit_stories=False,
			delete_stories=False
		),
		can_edit=False,
		is_self=True,
		inviter_id=6374391260,
		rank=None
	),
	invite=None
)
UpdateChannelParticipant(
	channel_id=3181967671,
	date=datetime.datetime(2026, 2, 15, 13, 33, 5, tzinfo=datetime.timezone.utc),
	actor_id=6374391260,
	user_id=1083015722,
	qts=184421440,
	via_chatlist=False,
	prev_participant=ChannelParticipantAdmin(
		user_id=1083015722,
		promoted_by=6374391260,
		date=datetime.datetime(2026, 2, 15, 13, 24, 6, tzinfo=datetime.timezone.utc),
		admin_rights=ChatAdminRights(
			change_info=False,
			post_messages=False,
			edit_messages=False,
			delete_messages=True,
			ban_users=False,
			invite_users=False,
			pin_messages=False,
			add_admins=False,
			anonymous=False,
			manage_call=False,
			other=True,
			manage_topics=True,
			post_stories=False,
			edit_stories=False,
			delete_stories=False
		),
		can_edit=False,
		is_self=True,
		inviter_id=6374391260,
		rank=None
	),
	new_participant=ChannelParticipantSelf(
		user_id=1083015722,
		inviter_id=6374391260,
		date=datetime.datetime(2026, 2, 15, 13, 33, 5, tzinfo=datetime.timezone.utc),
		via_request=False,
		subscription_until_date=None
	),
	invite=None
)
UpdateChannelParticipant(
	channel_id=3742970080,
	date=datetime.datetime(2026, 2, 15, 14, 43, 12, tzinfo=datetime.timezone.utc),
	actor_id=8498982854,
	user_id=1083015722,
	qts=184422069,
	via_chatlist=False,
	prev_participant=None,
	new_participant=ChannelParticipantAdmin(
		user_id=1083015722,
		promoted_by=8498982854,
		date=datetime.datetime(2026, 2, 15, 14, 43, 12, tzinfo=datetime.timezone.utc),
		admin_rights=ChatAdminRights(
			change_info=False,
			post_messages=False,
			edit_messages=False,
			delete_messages=True,
			ban_users=False,
			invite_users=False,
			pin_messages=False,
			add_admins=False,
			anonymous=False,
			manage_call=False,
			other=True,
			manage_topics=True,
			post_stories=False,
			edit_stories=False,
			delete_stories=False
		),
		can_edit=False,
		is_self=True,
		inviter_id=8498982854,
		rank=None
	),
	invite=None
)
UpdateChannelParticipant(
	channel_id=3742970080,
	date=datetime.datetime(2026, 2, 15, 14, 46, 22, tzinfo=datetime.timezone.utc),
	actor_id=8498982854,
	user_id=1083015722,
	qts=0,
	via_chatlist=False,
	prev_participant=ChannelParticipantAdmin(
		user_id=1083015722,
		promoted_by=8498982854,
		date=datetime.datetime(2026, 2, 15, 14, 43, 12, tzinfo=datetime.timezone.utc),
		admin_rights=ChatAdminRights(
			change_info=False,
			post_messages=False,
			edit_messages=False,
			delete_messages=True,
			ban_users=False,
			invite_users=False,
			pin_messages=False,
			add_admins=False,
			anonymous=False,
			manage_call=False,
			other=True,
			manage_topics=True,
			post_stories=False,
			edit_stories=False,
			delete_stories=False
		),
		can_edit=False,
		is_self=True,
		inviter_id=8498982854,
		rank=None
	),
	new_participant=ChannelParticipantBanned(
		peer=PeerUser(
			user_id=1083015722
		),
		kicked_by=8498982854,
		date=datetime.datetime(2026, 2, 15, 14, 46, 22, tzinfo=datetime.timezone.utc),
		banned_rights=ChatBannedRights(
			until_date=datetime.datetime(2038, 1, 19, 3, 14, 7, tzinfo=datetime.timezone.utc),
			view_messages=True,
			send_messages=True,
			send_media=True,
			send_stickers=True,
			send_gifs=True,
			send_games=True,
			send_inline=True,
			embed_links=True,
			send_polls=True,
			change_info=True,
			invite_users=True,
			pin_messages=True,
			manage_topics=True,
			send_photos=True,
			send_videos=True,
			send_roundvideos=True,
			send_audios=True,
			send_voices=True,
			send_docs=True,
			send_plain=True
		),
		left=True
	),
	invite=None
)
UpdateChannelParticipant(
	channel_id=2230562436,
	date=datetime.datetime(2026, 2, 16, 18, 27, 4, tzinfo=datetime.timezone.utc),
	actor_id=134273496,
	user_id=1083015722,
	qts=184432379,
	via_chatlist=False,
	prev_participant=ChannelParticipantSelf(
		user_id=1083015722,
		inviter_id=134273496,
		date=datetime.datetime(2026, 2, 13, 7, 44, 55, tzinfo=datetime.timezone.utc),
		via_request=False,
		subscription_until_date=None
	),
	new_participant=ChannelParticipantAdmin(
		user_id=1083015722,
		promoted_by=134273496,
		date=datetime.datetime(2026, 2, 13, 7, 44, 55, tzinfo=datetime.timezone.utc),
		admin_rights=ChatAdminRights(
			change_info=False,
			post_messages=False,
			edit_messages=False,
			delete_messages=True,
			ban_users=False,
			invite_users=True,
			pin_messages=True,
			add_admins=False,
			anonymous=False,
			manage_call=False,
			other=True,
			manage_topics=True,
			post_stories=False,
			edit_stories=False,
			delete_stories=False
		),
		can_edit=False,
		is_self=True,
		inviter_id=134273496,
		rank=None
	),
	invite=None
)
UpdateChannelParticipant(
	channel_id=3887926274,
	date=datetime.datetime(2026, 2, 17, 9, 31, 36, tzinfo=datetime.timezone.utc),
	actor_id=1420527374,
	user_id=1083015722,
	qts=184436435,
	via_chatlist=False,
	prev_participant=None,
	new_participant=ChannelParticipantAdmin(
		user_id=1083015722,
		promoted_by=1420527374,
		date=datetime.datetime(2026, 2, 17, 9, 31, 36, tzinfo=datetime.timezone.utc),
		admin_rights=ChatAdminRights(
			change_info=True,
			post_messages=False,
			edit_messages=False,
			delete_messages=True,
			ban_users=False,
			invite_users=False,
			pin_messages=True,
			add_admins=False,
			anonymous=False,
			manage_call=True,
			other=True,
			manage_topics=True,
			post_stories=True,
			edit_stories=True,
			delete_stories=True
		),
		can_edit=False,
		is_self=True,
		inviter_id=1420527374,
		rank=None
	),
	invite=None
)
